no_surat_jalan,id_lokasi_gudang,id_bowheer,id_sumber_material,id_kode_item,jumlah_stok,satuan_stok,merk_stok,no_haspel_stok,no_ref_stok,keterangan_stok,tanggal_upload_stok,id_user,surat_jalan,evidence,no_pr_logistik,nomor_spk,no_po_logistik,id_lokasi_gudang_pengiriman,tanggal_estimasi_sampai,nama_ekspedisi,pic_ekspedisi,status_approve_sm,CREATED_AT,ref_module,ref_id,ref_detail_id,ref_number,is_system_generated,approved_by,approved_at,adjustment_reason
STOK_AWAL_ACEH,1,23,19,14,3,Batang,,,,Stock awal migrasi,5/19/2026 8:00,7,,,,,,,,,,1,5/19/2026 8:00,,,,,0,,,
STOK_AWAL_ACEH,1,23,19,20,5,Batang,,,,Stock awal migrasi,5/19/2026 8:00,7,,,,,,,,,,1,5/19/2026 8:00,,,,,0,,,
STOK_AWAL_ACEH,1,23,19,21,6,Batang,,,,Stock awal migrasi,5/19/2026 8:00,7,,,,,,,,,,1,5/19/2026 8:00,,,,,0,,,
STOK_AWAL_ACEH,1,23,19,22,151,Batang,,,,Stock awal migrasi,5/19/2026 8:00,7,,,,,,,,,,1,5/19/2026 8:00,,,,,0,,,
STOK_AWAL_ACEH,1,23,19,23,222,Batang,,,,Stock awal migrasi,5/19/2026 8:00,7,,,,,,,,,,1,5/19/2026 8:00,,,,,0,,,
STOK_AWAL_ACEH,1,23,19,88,26011,Meter,,,,Stock awal migrasi,5/19/2026 8:00,7,,,,,,,,,,1,5/19/2026 8:00,,,,,0,,,
STOK_AWAL_ACEH,1,23,19,90,15401,Meter,,,,Stock awal migrasi,5/19/2026 8:00,7,,,,,,,,,,1,5/19/2026 8:00,,,,,0,,,
STOK_AWAL_ACEH,1,23,19,92,20684,Meter,,,,Stock awal migrasi,5/19/2026 8:00,7,,,,,,,,,,1,5/19/2026 8:00,,,,,0,,,
STOK_AWAL_ACEH,1,23,19,94,9626,Meter,,,,Stock awal migrasi,5/19/2026 8:00,7,,,,,,,,,,1,5/19/2026 8:00,,,,,0,,,
STOK_AWAL_ACEH,1,23,19,96,4046,Meter,,,,Stock awal migrasi,5/19/2026 8:00,7,,,,,,,,,,1,5/19/2026 8:00,,,,,0,,,
STOK_AWAL_ACEH,1,23,19,108,191,Meter,,,,Stock awal migrasi,5/19/2026 8:00,7,,,,,,,,,,1,5/19/2026 8:00,,,,,0,,,
STOK_AWAL_ACEH,1,23,19,110,536,Pc(s),,,,Stock awal migrasi,5/19/2026 8:00,7,,,,,,,,,,1,5/19/2026 8:00,,,,,0,,,
STOK_AWAL_ACEH,1,23,19,113,2023,Pc(s),,,,Stock awal migrasi,5/19/2026 8:00,7,,,,,,,,,,1,5/19/2026 8:00,,,,,0,,,
STOK_AWAL_ACEH,1,23,19,114,990,Pc(s),,,,Stock awal migrasi,5/19/2026 8:00,7,,,,,,,,,,1,5/19/2026 8:00,,,,,0,,,
STOK_AWAL_ACEH,1,23,19,117,2480,Pc(s),,,,Stock awal migrasi,5/19/2026 8:00,7,,,,,,,,,,1,5/19/2026 8:00,,,,,0,,,
STOK_AWAL_ACEH,1,23,19,119,92,Roll,,,,Stock awal migrasi,5/19/2026 8:00,7,,,,,,,,,,1,5/19/2026 8:00,,,,,0,,,
STOK_AWAL_ACEH,1,23,19,122,38,Pc(s),,,,Stock awal migrasi,5/19/2026 8:00,7,,,,,,,,,,1,5/19/2026 8:00,,,,,0,,,
STOK_AWAL_ACEH,1,23,19,123,13000,Meter,,,,Stock awal migrasi,5/19/2026 8:00,7,,,,,,,,,,1,5/19/2026 8:00,,,,,0,,,
STOK_AWAL_ACEH,1,23,19,125,50,Pc(s),,,,Stock awal migrasi,5/19/2026 8:00,7,,,,,,,,,,1,5/19/2026 8:00,,,,,0,,,
STOK_AWAL_ACEH,1,23,19,126,1600,Pc(s),,,,Stock awal migrasi,5/19/2026 8:00,7,,,,,,,,,,1,5/19/2026 8:00,,,,,0,,,
STOK_AWAL_ACEH,1,23,19,130,975,Pc(s),,,,Stock awal migrasi,5/19/2026 8:00,7,,,,,,,,,,1,5/19/2026 8:00,,,,,0,,,
STOK_AWAL_ACEH,1,23,19,132,8,Pc(s),,,,Stock awal migrasi,5/19/2026 8:00,7,,,,,,,,,,1,5/19/2026 8:00,,,,,0,,,
STOK_AWAL_ACEH,1,23,19,157,512,Pc(s),,,,Stock awal migrasi,5/19/2026 8:00,7,,,,,,,,,,1,5/19/2026 8:00,,,,,0,,,
STOK_AWAL_ACEH,1,23,19,171,50,Unit,,,,Stock awal migrasi,5/19/2026 8:00,7,,,,,,,,,,1,5/19/2026 8:00,,,,,0,,,
STOK_AWAL_ACEH,1,23,19,173,2,Unit,,,,Stock awal migrasi,5/19/2026 8:00,7,,,,,,,,,,1,5/19/2026 8:00,,,,,0,,,
STOK_AWAL_ACEH,1,23,19,225,11,Pc(s),,,,Stock awal migrasi,5/19/2026 8:00,7,,,,,,,,,,1,5/19/2026 8:00,,,,,0,,,
STOK_AWAL_ACEH,1,23,19,227,7,Pc(s),,,,Stock awal migrasi,5/19/2026 8:00,7,,,,,,,,,,1,5/19/2026 8:00,,,,,0,,,
STOK_AWAL_ACEH,1,23,19,294,164,Unit,,,,Stock awal migrasi,5/19/2026 8:00,7,,,,,,,,,,1,5/19/2026 8:00,,,,,0,,,
STOK_AWAL_ACEH,1,23,19,296,5,Unit,,,,Stock awal migrasi,5/19/2026 8:00,7,,,,,,,,,,1,5/19/2026 8:00,,,,,0,,,
STOK_AWAL_ACEH,1,23,19,297,13,Unit,,,,Stock awal migrasi,5/19/2026 8:00,7,,,,,,,,,,1,5/19/2026 8:00,,,,,0,,,
STOK_AWAL_JAMBI,9,23,19,2,10,Batang,,,,Stock awal migrasi,5/19/2026 8:00,7,,,,,,,,,,1,5/19/2026 8:00,,,,,0,,,
STOK_AWAL_JAMBI,9,23,19,8,1,Batang,,,,Stock awal migrasi,5/19/2026 8:00,7,,,,,,,,,,1,5/19/2026 8:00,,,,,0,,,
STOK_AWAL_JAMBI,9,23,19,15,4,Batang,,,,Stock awal migrasi,5/19/2026 8:00,7,,,,,,,,,,1,5/19/2026 8:00,,,,,0,,,
STOK_AWAL_JAMBI,9,23,19,20,255,Batang,,,,Stock awal migrasi,5/19/2026 8:00,7,,,,,,,,,,1,5/19/2026 8:00,,,,,0,,,
STOK_AWAL_JAMBI,9,23,19,21,225,Batang,,,,Stock awal migrasi,5/19/2026 8:00,7,,,,,,,,,,1,5/19/2026 8:00,,,,,0,,,
STOK_AWAL_JAMBI,9,23,19,22,83,Batang,,,,Stock awal migrasi,5/19/2026 8:00,7,,,,,,,,,,1,5/19/2026 8:00,,,,,0,,,
STOK_AWAL_JAMBI,9,23,19,23,404,Batang,,,,Stock awal migrasi,5/19/2026 8:00,7,,,,,,,,,,1,5/19/2026 8:00,,,,,0,,,
STOK_AWAL_JAMBI,9,23,19,76,2995,Meter,,,,Stock awal migrasi,5/19/2026 8:00,7,,,,,,,,,,1,5/19/2026 8:00,,,,,0,,,
STOK_AWAL_JAMBI,9,23,19,78,10162,Meter,,,,Stock awal migrasi,5/19/2026 8:00,7,,,,,,,,,,1,5/19/2026 8:00,,,,,0,,,
STOK_AWAL_JAMBI,9,23,19,88,20404,Meter,,,,Stock awal migrasi,5/19/2026 8:00,7,,,,,,,,,,1,5/19/2026 8:00,,,,,0,,,
STOK_AWAL_JAMBI,9,23,19,90,4816,Meter,,,,Stock awal migrasi,5/19/2026 8:00,7,,,,,,,,,,1,5/19/2026 8:00,,,,,0,,,
STOK_AWAL_JAMBI,9,23,19,92,4267,Meter,,,,Stock awal migrasi,5/19/2026 8:00,7,,,,,,,,,,1,5/19/2026 8:00,,,,,0,,,
STOK_AWAL_JAMBI,9,23,19,96,1220,Meter,,,,Stock awal migrasi,5/19/2026 8:00,7,,,,,,,,,,1,5/19/2026 8:00,,,,,0,,,
STOK_AWAL_JAMBI,9,23,19,102,2860,Meter,,,,Stock awal migrasi,5/19/2026 8:00,7,,,,,,,,,,1,5/19/2026 8:00,,,,,0,,,
STOK_AWAL_JAMBI,9,23,19,110,2013,Pc(s),,,,Stock awal migrasi,5/19/2026 8:00,7,,,,,,,,,,1,5/19/2026 8:00,,,,,0,,,
STOK_AWAL_JAMBI,9,23,19,112,1186,Pc(s),,,,Stock awal migrasi,5/19/2026 8:00,7,,,,,,,,,,1,5/19/2026 8:00,,,,,0,,,
STOK_AWAL_JAMBI,9,23,19,113,1520,Pc(s),,,,Stock awal migrasi,5/19/2026 8:00,7,,,,,,,,,,1,5/19/2026 8:00,,,,,0,,,
STOK_AWAL_JAMBI,9,23,19,114,1726,Pc(s),,,,Stock awal migrasi,5/19/2026 8:00,7,,,,,,,,,,1,5/19/2026 8:00,,,,,0,,,
STOK_AWAL_JAMBI,9,23,19,117,1822,Pc(s),,,,Stock awal migrasi,5/19/2026 8:00,7,,,,,,,,,,1,5/19/2026 8:00,,,,,0,,,
STOK_AWAL_JAMBI,9,23,19,119,115,Roll,,,,Stock awal migrasi,5/19/2026 8:00,7,,,,,,,,,,1,5/19/2026 8:00,,,,,0,,,
STOK_AWAL_JAMBI,9,23,19,122,759,Pc(s),,,,Stock awal migrasi,5/19/2026 8:00,7,,,,,,,,,,1,5/19/2026 8:00,,,,,0,,,
STOK_AWAL_JAMBI,9,23,19,123,8915,Meter,,,,Stock awal migrasi,5/19/2026 8:00,7,,,,,,,,,,1,5/19/2026 8:00,,,,,0,,,
STOK_AWAL_JAMBI,9,23,19,124,50,Meter,,,,Stock awal migrasi,5/19/2026 8:00,7,,,,,,,,,,1,5/19/2026 8:00,,,,,0,,,
STOK_AWAL_JAMBI,9,23,19,125,468,Pc(s),,,,Stock awal migrasi,5/19/2026 8:00,7,,,,,,,,,,1,5/19/2026 8:00,,,,,0,,,
STOK_AWAL_JAMBI,9,23,19,126,273,Pc(s),,,,Stock awal migrasi,5/19/2026 8:00,7,,,,,,,,,,1,5/19/2026 8:00,,,,,0,,,
STOK_AWAL_JAMBI,9,23,19,130,2668,Pc(s),,,,Stock awal migrasi,5/19/2026 8:00,7,,,,,,,,,,1,5/19/2026 8:00,,,,,0,,,
STOK_AWAL_JAMBI,9,23,19,131,1455,Pc(s),,,,Stock awal migrasi,5/19/2026 8:00,7,,,,,,,,,,1,5/19/2026 8:00,,,,,0,,,
STOK_AWAL_JAMBI,9,23,19,148,50,Pc(s),,,,Stock awal migrasi,5/19/2026 8:00,7,,,,,,,,,,1,5/19/2026 8:00,,,,,0,,,
STOK_AWAL_JAMBI,9,23,19,153,173,Pc(s),,,,Stock awal migrasi,5/19/2026 8:00,7,,,,,,,,,,1,5/19/2026 8:00,,,,,0,,,
STOK_AWAL_JAMBI,9,23,19,155,124,Pc(s),,,,Stock awal migrasi,5/19/2026 8:00,7,,,,,,,,,,1,5/19/2026 8:00,,,,,0,,,
STOK_AWAL_JAMBI,9,23,19,171,8,Unit,,,,Stock awal migrasi,5/19/2026 8:00,7,,,,,,,,,,1,5/19/2026 8:00,,,,,0,,,
STOK_AWAL_JAMBI,9,23,19,172,3,Unit,,,,Stock awal migrasi,5/19/2026 8:00,7,,,,,,,,,,1,5/19/2026 8:00,,,,,0,,,
STOK_AWAL_JAMBI,9,23,19,189,6,Unit,,,,Stock awal migrasi,5/19/2026 8:00,7,,,,,,,,,,1,5/19/2026 8:00,,,,,0,,,
STOK_AWAL_JAMBI,9,23,19,209,1,Pc(s),,,,Stock awal migrasi,5/19/2026 8:00,7,,,,,,,,,,1,5/19/2026 8:00,,,,,0,,,
STOK_AWAL_JAMBI,9,23,19,210,6,Pc(s),,,,Stock awal migrasi,5/19/2026 8:00,7,,,,,,,,,,1,5/19/2026 8:00,,,,,0,,,
STOK_AWAL_JAMBI,9,23,19,266,18,Pc(s),,,,Stock awal migrasi,5/19/2026 8:00,7,,,,,,,,,,1,5/19/2026 8:00,,,,,0,,,
STOK_AWAL_JAMBI,9,23,19,267,3,Pc(s),,,,Stock awal migrasi,5/19/2026 8:00,7,,,,,,,,,,1,5/19/2026 8:00,,,,,0,,,
STOK_AWAL_JAMBI,9,23,19,269,1,Pc(s),,,,Stock awal migrasi,5/19/2026 8:00,7,,,,,,,,,,1,5/19/2026 8:00,,,,,0,,,
STOK_AWAL_JAMBI,9,23,19,270,77,Pc(s),,,,Stock awal migrasi,5/19/2026 8:00,7,,,,,,,,,,1,5/19/2026 8:00,,,,,0,,,
STOK_AWAL_JAMBI,9,23,19,273,1,Pc(s),,,,Stock awal migrasi,5/19/2026 8:00,7,,,,,,,,,,1,5/19/2026 8:00,,,,,0,,,
STOK_AWAL_JAMBI,9,23,19,274,1,Pc(s),,,,Stock awal migrasi,5/19/2026 8:00,7,,,,,,,,,,1,5/19/2026 8:00,,,,,0,,,
STOK_AWAL_JAMBI,9,23,19,275,29,Pc(s),,,,Stock awal migrasi,5/19/2026 8:00,7,,,,,,,,,,1,5/19/2026 8:00,,,,,0,,,
STOK_AWAL_JAMBI,9,23,19,276,1,Pc(s),,,,Stock awal migrasi,5/19/2026 8:00,7,,,,,,,,,,1,5/19/2026 8:00,,,,,0,,,
STOK_AWAL_JAMBI,9,23,19,277,19,Pc(s),,,,Stock awal migrasi,5/19/2026 8:00,7,,,,,,,,,,1,5/19/2026 8:00,,,,,0,,,
STOK_AWAL_JAMBI,9,23,19,278,44,Pc(s),,,,Stock awal migrasi,5/19/2026 8:00,7,,,,,,,,,,1,5/19/2026 8:00,,,,,0,,,
STOK_AWAL_JAMBI,9,23,19,294,184,Unit,,,,Stock awal migrasi,5/19/2026 8:00,7,,,,,,,,,,1,5/19/2026 8:00,,,,,0,,,
STOK_AWAL_JAMBI,9,23,19,296,12,Unit,,,,Stock awal migrasi,5/19/2026 8:00,7,,,,,,,,,,1,5/19/2026 8:00,,,,,0,,,
STOK_AWAL_JAMBI,9,23,19,297,6,Unit,,,,Stock awal migrasi,5/19/2026 8:00,7,,,,,,,,,,1,5/19/2026 8:00,,,,,0,,,
STOK_AWAL_LAMPUNG,13,23,19,1,167,Batang,,,,Stock awal migrasi,5/19/2026 8:00,7,,,,,,,,,,1,5/19/2026 8:00,,,,,0,,,
STOK_AWAL_LAMPUNG,13,23,19,7,11,Batang,,,,Stock awal migrasi,5/19/2026 8:00,7,,,,,,,,,,1,5/19/2026 8:00,,,,,0,,,
STOK_AWAL_LAMPUNG,13,23,19,10,114,Batang,,,,Stock awal migrasi,5/19/2026 8:00,7,,,,,,,,,,1,5/19/2026 8:00,,,,,0,,,
STOK_AWAL_LAMPUNG,13,23,19,11,34,Batang,,,,Stock awal migrasi,5/19/2026 8:00,7,,,,,,,,,,1,5/19/2026 8:00,,,,,0,,,
STOK_AWAL_LAMPUNG,13,23,19,15,13,Batang,,,,Stock awal migrasi,5/19/2026 8:00,7,,,,,,,,,,1,5/19/2026 8:00,,,,,0,,,
STOK_AWAL_LAMPUNG,13,23,19,18,12,Batang,,,,Stock awal migrasi,5/19/2026 8:00,7,,,,,,,,,,1,5/19/2026 8:00,,,,,0,,,
STOK_AWAL_LAMPUNG,13,23,19,19,7,Batang,,,,Stock awal migrasi,5/19/2026 8:00,7,,,,,,,,,,1,5/19/2026 8:00,,,,,0,,,
STOK_AWAL_LAMPUNG,13,23,19,20,130,Batang,,,,Stock awal migrasi,5/19/2026 8:00,7,,,,,,,,,,1,5/19/2026 8:00,,,,,0,,,
STOK_AWAL_LAMPUNG,13,23,19,21,162,Batang,,,,Stock awal migrasi,5/19/2026 8:00,7,,,,,,,,,,1,5/19/2026 8:00,,,,,0,,,
STOK_AWAL_LAMPUNG,13,23,19,23,215,Batang,,,,Stock awal migrasi,5/19/2026 8:00,7,,,,,,,,,,1,5/19/2026 8:00,,,,,0,,,
STOK_AWAL_LAMPUNG,13,23,19,62,12000,Meter,,,,Stock awal migrasi,5/19/2026 8:00,7,,,,,,,,,,1,5/19/2026 8:00,,,,,0,,,
STOK_AWAL_LAMPUNG,13,23,19,64,8000,Meter,,,,Stock awal migrasi,5/19/2026 8:00,7,,,,,,,,,,1,5/19/2026 8:00,,,,,0,,,
STOK_AWAL_LAMPUNG,13,23,19,65,3885,Meter,,,,Stock awal migrasi,5/19/2026 8:00,7,,,,,,,,,,1,5/19/2026 8:00,,,,,0,,,
STOK_AWAL_LAMPUNG,13,23,19,87,6000,Meter,,,,Stock awal migrasi,5/19/2026 8:00,7,,,,,,,,,,1,5/19/2026 8:00,,,,,0,,,
STOK_AWAL_LAMPUNG,13,23,19,88,3435,Meter,,,,Stock awal migrasi,5/19/2026 8:00,7,,,,,,,,,,1,5/19/2026 8:00,,,,,0,,,
STOK_AWAL_LAMPUNG,13,23,19,92,6150,Meter,,,,Stock awal migrasi,5/19/2026 8:00,7,,,,,,,,,,1,5/19/2026 8:00,,,,,0,,,
STOK_AWAL_LAMPUNG,13,23,19,94,950,Meter,,,,Stock awal migrasi,5/19/2026 8:00,7,,,,,,,,,,1,5/19/2026 8:00,,,,,0,,,
STOK_AWAL_LAMPUNG,13,23,19,99,1400,Meter,,,,Stock awal migrasi,5/19/2026 8:00,7,,,,,,,,,,1,5/19/2026 8:00,,,,,0,,,
STOK_AWAL_LAMPUNG,13,23,19,102,784,Meter,,,,Stock awal migrasi,5/19/2026 8:00,7,,,,,,,,,,1,5/19/2026 8:00,,,,,0,,,
STOK_AWAL_LAMPUNG,13,23,19,110,893,Pc(s),,,,Stock awal migrasi,5/19/2026 8:00,7,,,,,,,,,,1,5/19/2026 8:00,,,,,0,,,
STOK_AWAL_LAMPUNG,13,23,19,111,593,Pc(s),,,,Stock awal migrasi,5/19/2026 8:00,7,,,,,,,,,,1,5/19/2026 8:00,,,,,0,,,
STOK_AWAL_LAMPUNG,13,23,19,113,3052,Pc(s),,,,Stock awal migrasi,5/19/2026 8:00,7,,,,,,,,,,1,5/19/2026 8:00,,,,,0,,,
STOK_AWAL_LAMPUNG,13,23,19,114,700,Pc(s),,,,Stock awal migrasi,5/19/2026 8:00,7,,,,,,,,,,1,5/19/2026 8:00,,,,,0,,,
STOK_AWAL_LAMPUNG,13,23,19,116,1800,Pc(s),,,,Stock awal migrasi,5/19/2026 8:00,7,,,,,,,,,,1,5/19/2026 8:00,,,,,0,,,
STOK_AWAL_LAMPUNG,13,23,19,118,348,Roll,,,,Stock awal migrasi,5/19/2026 8:00,7,,,,,,,,,,1,5/19/2026 8:00,,,,,0,,,
STOK_AWAL_LAMPUNG,13,23,19,120,563,Pc(s),,,,Stock awal migrasi,5/19/2026 8:00,7,,,,,,,,,,1,5/19/2026 8:00,,,,,0,,,
STOK_AWAL_LAMPUNG,13,23,19,123,22000,Meter,,,,Stock awal migrasi,5/19/2026 8:00,7,,,,,,,,,,1,5/19/2026 8:00,,,,,0,,,
STOK_AWAL_LAMPUNG,13,23,19,125,850,Pc(s),,,,Stock awal migrasi,5/19/2026 8:00,7,,,,,,,,,,1,5/19/2026 8:00,,,,,0,,,
STOK_AWAL_LAMPUNG,13,23,19,126,5000,Pc(s),,,,Stock awal migrasi,5/19/2026 8:00,7,,,,,,,,,,1,5/19/2026 8:00,,,,,0,,,
STOK_AWAL_LAMPUNG,13,23,19,130,2520,Pc(s),,,,Stock awal migrasi,5/19/2026 8:00,7,,,,,,,,,,1,5/19/2026 8:00,,,,,0,,,
STOK_AWAL_LAMPUNG,13,23,19,131,554,Pc(s),,,,Stock awal migrasi,5/19/2026 8:00,7,,,,,,,,,,1,5/19/2026 8:00,,,,,0,,,
STOK_AWAL_LAMPUNG,13,23,19,165,11,Unit,,,,Stock awal migrasi,5/19/2026 8:00,7,,,,,,,,,,1,5/19/2026 8:00,,,,,0,,,
STOK_AWAL_LAMPUNG,13,23,19,179,38,Unit,,,,Stock awal migrasi,5/19/2026 8:00,7,,,,,,,,,,1,5/19/2026 8:00,,,,,0,,,
STOK_AWAL_LAMPUNG,13,23,19,180,3,Unit,,,,Stock awal migrasi,5/19/2026 8:00,7,,,,,,,,,,1,5/19/2026 8:00,,,,,0,,,
STOK_AWAL_LAMPUNG,13,23,19,190,65,Unit,,,,Stock awal migrasi,5/19/2026 8:00,7,,,,,,,,,,1,5/19/2026 8:00,,,,,0,,,
STOK_AWAL_LAMPUNG,13,23,19,191,1,Unit,,,,Stock awal migrasi,5/19/2026 8:00,7,,,,,,,,,,1,5/19/2026 8:00,,,,,0,,,
STOK_AWAL_LAMPUNG,13,23,19,206,7,Pc(s),,,,Stock awal migrasi,5/19/2026 8:00,7,,,,,,,,,,1,5/19/2026 8:00,,,,,0,,,
STOK_AWAL_LAMPUNG,13,23,19,294,92,Unit,,,,Stock awal migrasi,5/19/2026 8:00,7,,,,,,,,,,1,5/19/2026 8:00,,,,,0,,,
STOK_AWAL_LAMPUNG,13,23,19,296,5,Unit,,,,Stock awal migrasi,5/19/2026 8:00,7,,,,,,,,,,1,5/19/2026 8:00,,,,,0,,,
STOK_AWAL_LAMPUNG,13,23,19,297,2,Unit,,,,Stock awal migrasi,5/19/2026 8:00,7,,,,,,,,,,1,5/19/2026 8:00,,,,,0,,,
STOK_AWAL_LANGSA,60,23,19,20,581,Batang,,,,Stock awal migrasi,5/19/2026 8:00,7,,,,,,,,,,1,5/19/2026 8:00,,,,,0,,,
STOK_AWAL_LANGSA,60,23,19,21,218,Batang,,,,Stock awal migrasi,5/19/2026 8:00,7,,,,,,,,,,1,5/19/2026 8:00,,,,,0,,,
STOK_AWAL_LANGSA,60,23,19,22,257,Batang,,,,Stock awal migrasi,5/19/2026 8:00,7,,,,,,,,,,1,5/19/2026 8:00,,,,,0,,,
STOK_AWAL_LANGSA,60,23,19,88,18538,Meter,,,,Stock awal migrasi,5/19/2026 8:00,7,,,,,,,,,,1,5/19/2026 8:00,,,,,0,,,
STOK_AWAL_LANGSA,60,23,19,90,1980,Meter,,,,Stock awal migrasi,5/19/2026 8:00,7,,,,,,,,,,1,5/19/2026 8:00,,,,,0,,,
STOK_AWAL_LANGSA,60,23,19,92,14793,Meter,,,,Stock awal migrasi,5/19/2026 8:00,7,,,,,,,,,,1,5/19/2026 8:00,,,,,0,,,
STOK_AWAL_LANGSA,60,23,19,96,1597,Meter,,,,Stock awal migrasi,5/19/2026 8:00,7,,,,,,,,,,1,5/19/2026 8:00,,,,,0,,,
STOK_AWAL_LANGSA,60,23,19,294,304,Unit,,,,Stock awal migrasi,5/19/2026 8:00,7,,,,,,,,,,1,5/19/2026 8:00,,,,,0,,,
STOK_AWAL_LANGSA,60,23,19,296,28,Unit,,,,Stock awal migrasi,5/19/2026 8:00,7,,,,,,,,,,1,5/19/2026 8:00,,,,,0,,,
STOK_AWAL_LANGSA,60,23,19,297,10,Unit,,,,Stock awal migrasi,5/19/2026 8:00,7,,,,,,,,,,1,5/19/2026 8:00,,,,,0,,,
STOK_AWAL_LHOKSEUMAWE,61,23,19,20,14,Batang,,,,Stock awal migrasi,5/19/2026 8:00,7,,,,,,,,,,1,5/19/2026 8:00,,,,,0,,,
STOK_AWAL_LHOKSEUMAWE,61,23,19,21,55,Batang,,,,Stock awal migrasi,5/19/2026 8:00,7,,,,,,,,,,1,5/19/2026 8:00,,,,,0,,,
STOK_AWAL_LHOKSEUMAWE,61,23,19,22,33,Batang,,,,Stock awal migrasi,5/19/2026 8:00,7,,,,,,,,,,1,5/19/2026 8:00,,,,,0,,,
STOK_AWAL_LHOKSEUMAWE,61,23,19,23,63,Batang,,,,Stock awal migrasi,5/19/2026 8:00,7,,,,,,,,,,1,5/19/2026 8:00,,,,,0,,,
STOK_AWAL_LHOKSEUMAWE,61,23,19,88,4366,Meter,,,,Stock awal migrasi,5/19/2026 8:00,7,,,,,,,,,,1,5/19/2026 8:00,,,,,0,,,
STOK_AWAL_LHOKSEUMAWE,61,23,19,92,506,Meter,,,,Stock awal migrasi,5/19/2026 8:00,7,,,,,,,,,,1,5/19/2026 8:00,,,,,0,,,
STOK_AWAL_LHOKSEUMAWE,61,23,19,96,2585,Meter,,,,Stock awal migrasi,5/19/2026 8:00,7,,,,,,,,,,1,5/19/2026 8:00,,,,,0,,,
STOK_AWAL_LHOKSEUMAWE,61,23,19,294,13,Unit,,,,Stock awal migrasi,5/19/2026 8:00,7,,,,,,,,,,1,5/19/2026 8:00,,,,,0,,,
STOK_AWAL_LHOKSEUMAWE,61,23,19,296,2,Unit,,,,Stock awal migrasi,5/19/2026 8:00,7,,,,,,,,,,1,5/19/2026 8:00,,,,,0,,,
STOK_AWAL_LHOKSEUMAWE,61,23,19,297,2,Unit,,,,Stock awal migrasi,5/19/2026 8:00,7,,,,,,,,,,1,5/19/2026 8:00,,,,,0,,,
STOK_AWAL_LUBUKLINGGAU,62,23,19,20,201,Batang,,,,Stock awal migrasi,5/19/2026 8:00,7,,,,,,,,,,1,5/19/2026 8:00,,,,,0,,,
STOK_AWAL_LUBUKLINGGAU,62,23,19,21,309,Batang,,,,Stock awal migrasi,5/19/2026 8:00,7,,,,,,,,,,1,5/19/2026 8:00,,,,,0,,,
STOK_AWAL_LUBUKLINGGAU,62,23,19,22,176,Batang,,,,Stock awal migrasi,5/19/2026 8:00,7,,,,,,,,,,1,5/19/2026 8:00,,,,,0,,,
STOK_AWAL_LUBUKLINGGAU,62,23,19,23,155,Batang,,,,Stock awal migrasi,5/19/2026 8:00,7,,,,,,,,,,1,5/19/2026 8:00,,,,,0,,,
STOK_AWAL_LUBUKLINGGAU,62,23,19,88,7615,Meter,,,,Stock awal migrasi,5/19/2026 8:00,7,,,,,,,,,,1,5/19/2026 8:00,,,,,0,,,
STOK_AWAL_LUBUKLINGGAU,62,23,19,90,10842,Meter,,,,Stock awal migrasi,5/19/2026 8:00,7,,,,,,,,,,1,5/19/2026 8:00,,,,,0,,,
STOK_AWAL_LUBUKLINGGAU,62,23,19,92,13715,Meter,,,,Stock awal migrasi,5/19/2026 8:00,7,,,,,,,,,,1,5/19/2026 8:00,,,,,0,,,
STOK_AWAL_LUBUKLINGGAU,62,23,19,94,2446,Meter,,,,Stock awal migrasi,5/19/2026 8:00,7,,,,,,,,,,1,5/19/2026 8:00,,,,,0,,,
STOK_AWAL_LUBUKLINGGAU,62,23,19,294,89,Unit,,,,Stock awal migrasi,5/19/2026 8:00,7,,,,,,,,,,1,5/19/2026 8:00,,,,,0,,,
STOK_AWAL_LUBUKLINGGAU,62,23,19,296,3,Unit,,,,Stock awal migrasi,5/19/2026 8:00,7,,,,,,,,,,1,5/19/2026 8:00,,,,,0,,,
STOK_AWAL_BANDUNG,3,23,19,10,195,Batang,,,,Stock awal migrasi,5/19/2026 8:00,7,,,,,,,,,,1,5/19/2026 8:00,,,,,0,,,
STOK_AWAL_BANDUNG,3,23,19,11,30,Batang,,,,Stock awal migrasi,5/19/2026 8:00,7,,,,,,,,,,1,5/19/2026 8:00,,,,,0,,,
STOK_AWAL_BANDUNG,3,23,19,12,13,Batang,,,,Stock awal migrasi,5/19/2026 8:00,7,,,,,,,,,,1,5/19/2026 8:00,,,,,0,,,
STOK_AWAL_BANDUNG,3,23,19,73,7788,Meter,,,,Stock awal migrasi,5/19/2026 8:00,7,,,,,,,,,,1,5/19/2026 8:00,,,,,0,,,
STOK_AWAL_BANDUNG,3,23,19,112,250,Pc(s),,,,Stock awal migrasi,5/19/2026 8:00,7,,,,,,,,,,1,5/19/2026 8:00,,,,,0,,,
STOK_AWAL_BANDUNG,3,23,19,130,400,Pc(s),,,,Stock awal migrasi,5/19/2026 8:00,7,,,,,,,,,,1,5/19/2026 8:00,,,,,0,,,
STOK_AWAL_BANDUNG,3,23,19,144,105,Pc(s),,,,Stock awal migrasi,5/19/2026 8:00,7,,,,,,,,,,1,5/19/2026 8:00,,,,,0,,,
STOK_AWAL_BEKASI,46,23,19,20,326,Batang,,,,Stock awal migrasi,5/19/2026 8:00,7,,,,,,,,,,1,5/19/2026 8:00,,,,,0,,,
STOK_AWAL_BEKASI,46,23,19,21,270,Batang,,,,Stock awal migrasi,5/19/2026 8:00,7,,,,,,,,,,1,5/19/2026 8:00,,,,,0,,,
STOK_AWAL_BEKASI,46,23,19,23,2,Batang,,,,Stock awal migrasi,5/19/2026 8:00,7,,,,,,,,,,1,5/19/2026 8:00,,,,,0,,,
STOK_AWAL_BEKASI,46,23,19,88,11656,Meter,,,,Stock awal migrasi,5/19/2026 8:00,7,,,,,,,,,,1,5/19/2026 8:00,,,,,0,,,
STOK_AWAL_BEKASI,46,23,19,90,8220,Meter,,,,Stock awal migrasi,5/19/2026 8:00,7,,,,,,,,,,1,5/19/2026 8:00,,,,,0,,,
STOK_AWAL_BEKASI,46,23,19,92,6408,Meter,,,,Stock awal migrasi,5/19/2026 8:00,7,,,,,,,,,,1,5/19/2026 8:00,,,,,0,,,
STOK_AWAL_BEKASI,46,23,19,96,4600,Meter,,,,Stock awal migrasi,5/19/2026 8:00,7,,,,,,,,,,1,5/19/2026 8:00,,,,,0,,,
STOK_AWAL_BEKASI,46,23,19,107,2046,Meter,,,,Stock awal migrasi,5/19/2026 8:00,7,,,,,,,,,,1,5/19/2026 8:00,,,,,0,,,
STOK_AWAL_BEKASI,46,23,19,108,268,Meter,,,,Stock awal migrasi,5/19/2026 8:00,7,,,,,,,,,,1,5/19/2026 8:00,,,,,0,,,
STOK_AWAL_BEKASI,46,23,19,217,10,Unit,,,,Stock awal migrasi,5/19/2026 8:00,7,,,,,,,,,,1,5/19/2026 8:00,,,,,0,,,
STOK_AWAL_BEKASI,46,23,19,218,65,Unit,,,,Stock awal migrasi,5/19/2026 8:00,7,,,,,,,,,,1,5/19/2026 8:00,,,,,0,,,
STOK_AWAL_BEKASI,46,23,19,219,543,Unit,,,,Stock awal migrasi,5/19/2026 8:00,7,,,,,,,,,,1,5/19/2026 8:00,,,,,0,,,
STOK_AWAL_BEKASI,46,23,19,294,114,Unit,,,,Stock awal migrasi,5/19/2026 8:00,7,,,,,,,,,,1,5/19/2026 8:00,,,,,0,,,
STOK_AWAL_BEKASI,46,23,19,296,2,Unit,,,,Stock awal migrasi,5/19/2026 8:00,7,,,,,,,,,,1,5/19/2026 8:00,,,,,0,,,
STOK_AWAL_BEKASI,46,23,19,315,70,Unit,,,,Stock awal migrasi,5/19/2026 8:00,7,,,,,,,,,,1,5/19/2026 8:00,,,,,0,,,
STOK_AWAL_CILEGON,45,23,19,20,248,Batang,,,,Stock awal migrasi,5/19/2026 8:00,7,,,,,,,,,,1,5/19/2026 8:00,,,,,0,,,
STOK_AWAL_CILEGON,45,23,19,21,14,Batang,,,,Stock awal migrasi,5/19/2026 8:00,7,,,,,,,,,,1,5/19/2026 8:00,,,,,0,,,
STOK_AWAL_CILEGON,45,23,19,22,16,Batang,,,,Stock awal migrasi,5/19/2026 8:00,7,,,,,,,,,,1,5/19/2026 8:00,,,,,0,,,
STOK_AWAL_CILEGON,45,23,19,88,3084,Meter,,,,Stock awal migrasi,5/19/2026 8:00,7,,,,,,,,,,1,5/19/2026 8:00,,,,,0,,,
STOK_AWAL_CILEGON,45,23,19,90,4035,Meter,,,,Stock awal migrasi,5/19/2026 8:00,7,,,,,,,,,,1,5/19/2026 8:00,,,,,0,,,
STOK_AWAL_CILEGON,45,23,19,92,3062,Meter,,,,Stock awal migrasi,5/19/2026 8:00,7,,,,,,,,,,1,5/19/2026 8:00,,,,,0,,,
STOK_AWAL_CILEGON,45,23,19,96,1249,Meter,,,,Stock awal migrasi,5/19/2026 8:00,7,,,,,,,,,,1,5/19/2026 8:00,,,,,0,,,
STOK_AWAL_CILEGON,45,23,19,107,450,Meter,,,,Stock awal migrasi,5/19/2026 8:00,7,,,,,,,,,,1,5/19/2026 8:00,,,,,0,,,
STOK_AWAL_CILEGON,45,23,19,108,150,Meter,,,,Stock awal migrasi,5/19/2026 8:00,7,,,,,,,,,,1,5/19/2026 8:00,,,,,0,,,
STOK_AWAL_CILEGON,45,23,19,294,18,Unit,,,,Stock awal migrasi,5/19/2026 8:00,7,,,,,,,,,,1,5/19/2026 8:00,,,,,0,,,
STOK_AWAL_CIMAHI,63,23,19,7,23,Batang,,,,Stock awal migrasi,5/19/2026 8:00,7,,,,,,,,,,1,5/19/2026 8:00,,,,,0,,,
STOK_AWAL_CIMAHI,63,23,19,20,3,Batang,,,,Stock awal migrasi,5/19/2026 8:00,7,,,,,,,,,,1,5/19/2026 8:00,,,,,0,,,
STOK_AWAL_CIMAHI,63,23,19,21,210,Batang,,,,Stock awal migrasi,5/19/2026 8:00,7,,,,,,,,,,1,5/19/2026 8:00,,,,,0,,,
STOK_AWAL_CIMAHI,63,23,19,22,65,Batang,,,,Stock awal migrasi,5/19/2026 8:00,7,,,,,,,,,,1,5/19/2026 8:00,,,,,0,,,
STOK_AWAL_CIMAHI,63,23,19,88,11318,Meter,,,,Stock awal migrasi,5/19/2026 8:00,7,,,,,,,,,,1,5/19/2026 8:00,,,,,0,,,
STOK_AWAL_CIMAHI,63,23,19,90,9577,Meter,,,,Stock awal migrasi,5/19/2026 8:00,7,,,,,,,,,,1,5/19/2026 8:00,,,,,0,,,
STOK_AWAL_CIMAHI,63,23,19,92,7958,Meter,,,,Stock awal migrasi,5/19/2026 8:00,7,,,,,,,,,,1,5/19/2026 8:00,,,,,0,,,
STOK_AWAL_CIMAHI,63,23,19,94,16000,Meter,,,,Stock awal migrasi,5/19/2026 8:00,7,,,,,,,,,,1,5/19/2026 8:00,,,,,0,,,
STOK_AWAL_CIMAHI,63,23,19,165,12,Unit,,,,Stock awal migrasi,5/19/2026 8:00,7,,,,,,,,,,1,5/19/2026 8:00,,,,,0,,,
STOK_AWAL_CIMAHI,63,23,19,166,6,Unit,,,,Stock awal migrasi,5/19/2026 8:00,7,,,,,,,,,,1,5/19/2026 8:00,,,,,0,,,
STOK_AWAL_CIMAHI,63,23,19,189,29,Unit,,,,Stock awal migrasi,5/19/2026 8:00,7,,,,,,,,,,1,5/19/2026 8:00,,,,,0,,,
STOK_AWAL_CIMAHI,63,23,19,294,14,Unit,,,,Stock awal migrasi,5/19/2026 8:00,7,,,,,,,,,,1,5/19/2026 8:00,,,,,0,,,
STOK_AWAL_CIMAHI,63,23,19,296,10,Unit,,,,Stock awal migrasi,5/19/2026 8:00,7,,,,,,,,,,1,5/19/2026 8:00,,,,,0,,,
STOK_AWAL_CIMAHI,63,23,19,297,10,Unit,,,,Stock awal migrasi,5/19/2026 8:00,7,,,,,,,,,,1,5/19/2026 8:00,,,,,0,,,
STOK_AWAL_SUMEDANG,64,23,19,20,8,Batang,,,,Stock awal migrasi,5/19/2026 8:00,7,,,,,,,,,,1,5/19/2026 8:00,,,,,0,,,
STOK_AWAL_SUMEDANG,64,23,19,22,48,Batang,,,,Stock awal migrasi,5/19/2026 8:00,7,,,,,,,,,,1,5/19/2026 8:00,,,,,0,,,
STOK_AWAL_SUMEDANG,64,23,19,88,865,Meter,,,,Stock awal migrasi,5/19/2026 8:00,7,,,,,,,,,,1,5/19/2026 8:00,,,,,0,,,
STOK_AWAL_SUMEDANG,64,23,19,89,18000,Meter,,,,Stock awal migrasi,5/19/2026 8:00,7,,,,,,,,,,1,5/19/2026 8:00,,,,,0,,,
STOK_AWAL_SUMEDANG,64,23,19,91,6000,Meter,,,,Stock awal migrasi,5/19/2026 8:00,7,,,,,,,,,,1,5/19/2026 8:00,,,,,0,,,
STOK_AWAL_SUMEDANG,64,23,19,294,8,Unit,,,,Stock awal migrasi,5/19/2026 8:00,7,,,,,,,,,,1,5/19/2026 8:00,,,,,0,,,
STOK_AWAL_TANGERANG,8,23,19,8,2,Batang,,,,Stock awal migrasi,5/19/2026 8:00,7,,,,,,,,,,1,5/19/2026 8:00,,,,,0,,,
STOK_AWAL_TANGERANG,8,23,19,80,2600,Meter,,,,Stock awal migrasi,5/19/2026 8:00,7,,,,,,,,,,1,5/19/2026 8:00,,,,,0,,,
STOK_AWAL_TANGERANG,8,23,19,84,2800,Meter,,,,Stock awal migrasi,5/19/2026 8:00,7,,,,,,,,,,1,5/19/2026 8:00,,,,,0,,,
STOK_AWAL_TANGERANG,8,23,19,182,4,Unit,,,,Stock awal migrasi,5/19/2026 8:00,7,,,,,,,,,,1,5/19/2026 8:00,,,,,0,,,
STOK_AWAL_TANGERANG,8,23,19,211,5,Pc(s),,,,Stock awal migrasi,5/19/2026 8:00,7,,,,,,,,,,1,5/19/2026 8:00,,,,,0,,,
STOK_AWAL_TANGERANG,8,23,19,212,5,Pc(s),,,,Stock awal migrasi,5/19/2026 8:00,7,,,,,,,,,,1,5/19/2026 8:00,,,,,0,,,
STOK_AWAL_TANGERANG,8,23,19,265,5,Pc(s),,,,Stock awal migrasi,5/19/2026 8:00,7,,,,,,,,,,1,5/19/2026 8:00,,,,,0,,,
STOK_AWAL_TANGERANG,8,23,19,267,11,Pc(s),,,,Stock awal migrasi,5/19/2026 8:00,7,,,,,,,,,,1,5/19/2026 8:00,,,,,0,,,
STOK_AWAL_BANGKALAN,59,23,19,20,23,Batang,,,,Stock awal migrasi,5/19/2026 8:00,7,,,,,,,,,,1,5/19/2026 8:00,,,,,0,,,
STOK_AWAL_BANGKALAN,59,23,19,21,33,Batang,,,,Stock awal migrasi,5/19/2026 8:00,7,,,,,,,,,,1,5/19/2026 8:00,,,,,0,,,
STOK_AWAL_BANGKALAN,59,23,19,22,2,Batang,,,,Stock awal migrasi,5/19/2026 8:00,7,,,,,,,,,,1,5/19/2026 8:00,,,,,0,,,
STOK_AWAL_BANGKALAN,59,23,19,88,5203,Meter,,,,Stock awal migrasi,5/19/2026 8:00,7,,,,,,,,,,1,5/19/2026 8:00,,,,,0,,,
STOK_AWAL_BANGKALAN,59,23,19,92,2349,Meter,,,,Stock awal migrasi,5/19/2026 8:00,7,,,,,,,,,,1,5/19/2026 8:00,,,,,0,,,
STOK_AWAL_BANGKALAN,59,23,19,294,31,Unit,,,,Stock awal migrasi,5/19/2026 8:00,7,,,,,,,,,,1,5/19/2026 8:00,,,,,0,,,
STOK_AWAL_BANGKALAN,59,23,19,297,3,Unit,,,,Stock awal migrasi,5/19/2026 8:00,7,,,,,,,,,,1,5/19/2026 8:00,,,,,0,,,
STOK_AWAL_BOJONEGORO,6,23,19,20,77,Batang,,,,Stock awal migrasi,5/19/2026 8:00,7,,,,,,,,,,1,5/19/2026 8:00,,,,,0,,,
STOK_AWAL_BOJONEGORO,6,23,19,21,78,Batang,,,,Stock awal migrasi,5/19/2026 8:00,7,,,,,,,,,,1,5/19/2026 8:00,,,,,0,,,
STOK_AWAL_BOJONEGORO,6,23,19,22,50,Batang,,,,Stock awal migrasi,5/19/2026 8:00,7,,,,,,,,,,1,5/19/2026 8:00,,,,,0,,,
STOK_AWAL_BOJONEGORO,6,23,19,23,5,Batang,,,,Stock awal migrasi,5/19/2026 8:00,7,,,,,,,,,,1,5/19/2026 8:00,,,,,0,,,
STOK_AWAL_BOJONEGORO,6,23,19,87,445,Meter,,,,Stock awal migrasi,5/19/2026 8:00,7,,,,,,,,,,1,5/19/2026 8:00,,,,,0,,,
STOK_AWAL_BOJONEGORO,6,23,19,88,1913,Meter,,,,Stock awal migrasi,5/19/2026 8:00,7,,,,,,,,,,1,5/19/2026 8:00,,,,,0,,,
STOK_AWAL_BOJONEGORO,6,23,19,89,395,Meter,,,,Stock awal migrasi,5/19/2026 8:00,7,,,,,,,,,,1,5/19/2026 8:00,,,,,0,,,
STOK_AWAL_BOJONEGORO,6,23,19,90,3483,Meter,,,,Stock awal migrasi,5/19/2026 8:00,7,,,,,,,,,,1,5/19/2026 8:00,,,,,0,,,
STOK_AWAL_BOJONEGORO,6,23,19,91,6000,Meter,,,,Stock awal migrasi,5/19/2026 8:00,7,,,,,,,,,,1,5/19/2026 8:00,,,,,0,,,
STOK_AWAL_BOJONEGORO,6,23,19,92,6941,Meter,,,,Stock awal migrasi,5/19/2026 8:00,7,,,,,,,,,,1,5/19/2026 8:00,,,,,0,,,
STOK_AWAL_BOJONEGORO,6,23,19,110,1094,Pc(s),,,,Stock awal migrasi,5/19/2026 8:00,7,,,,,,,,,,1,5/19/2026 8:00,,,,,0,,,
STOK_AWAL_BOJONEGORO,6,23,19,112,1400,Pc(s),,,,Stock awal migrasi,5/19/2026 8:00,7,,,,,,,,,,1,5/19/2026 8:00,,,,,0,,,
STOK_AWAL_BOJONEGORO,6,23,19,113,2907,Pc(s),,,,Stock awal migrasi,5/19/2026 8:00,7,,,,,,,,,,1,5/19/2026 8:00,,,,,0,,,
STOK_AWAL_BOJONEGORO,6,23,19,114,81,Pc(s),,,,Stock awal migrasi,5/19/2026 8:00,7,,,,,,,,,,1,5/19/2026 8:00,,,,,0,,,
STOK_AWAL_BOJONEGORO,6,23,19,115,1350,Pc(s),,,,Stock awal migrasi,5/19/2026 8:00,7,,,,,,,,,,1,5/19/2026 8:00,,,,,0,,,
STOK_AWAL_BOJONEGORO,6,23,19,117,610,Pc(s),,,,Stock awal migrasi,5/19/2026 8:00,7,,,,,,,,,,1,5/19/2026 8:00,,,,,0,,,
STOK_AWAL_BOJONEGORO,6,23,19,119,49,Roll,,,,Stock awal migrasi,5/19/2026 8:00,7,,,,,,,,,,1,5/19/2026 8:00,,,,,0,,,
STOK_AWAL_BOJONEGORO,6,23,19,122,578,Pc(s),,,,Stock awal migrasi,5/19/2026 8:00,7,,,,,,,,,,1,5/19/2026 8:00,,,,,0,,,
STOK_AWAL_BOJONEGORO,6,23,19,123,6707,Meter,,,,Stock awal migrasi,5/19/2026 8:00,7,,,,,,,,,,1,5/19/2026 8:00,,,,,0,,,
STOK_AWAL_BOJONEGORO,6,23,19,131,1166,Pc(s),,,,Stock awal migrasi,5/19/2026 8:00,7,,,,,,,,,,1,5/19/2026 8:00,,,,,0,,,
STOK_AWAL_BOJONEGORO,6,23,19,138,1830,Pcs,,,,Stock awal migrasi,5/19/2026 8:00,7,,,,,,,,,,1,5/19/2026 8:00,,,,,0,,,
STOK_AWAL_BOJONEGORO,6,23,19,166,5,Unit,,,,Stock awal migrasi,5/19/2026 8:00,7,,,,,,,,,,1,5/19/2026 8:00,,,,,0,,,
STOK_AWAL_BOJONEGORO,6,23,19,169,11,Unit,,,,Stock awal migrasi,5/19/2026 8:00,7,,,,,,,,,,1,5/19/2026 8:00,,,,,0,,,
STOK_AWAL_BOJONEGORO,6,23,19,294,36,Unit,,,,Stock awal migrasi,5/19/2026 8:00,7,,,,,,,,,,1,5/19/2026 8:00,,,,,0,,,
STOK_AWAL_BOJONEGORO,6,23,19,296,6,Unit,,,,Stock awal migrasi,5/19/2026 8:00,7,,,,,,,,,,1,5/19/2026 8:00,,,,,0,,,
STOK_AWAL_BOJONEGORO,6,23,19,297,13,Unit,,,,Stock awal migrasi,5/19/2026 8:00,7,,,,,,,,,,1,5/19/2026 8:00,,,,,0,,,
STOK_AWAL_DEMAK,65,23,19,20,164,Batang,,,,Stock awal migrasi,5/19/2026 8:00,7,,,,,,,,,,1,5/19/2026 8:00,,,,,0,,,
STOK_AWAL_DEMAK,65,23,19,21,168,Batang,,,,Stock awal migrasi,5/19/2026 8:00,7,,,,,,,,,,1,5/19/2026 8:00,,,,,0,,,
STOK_AWAL_DEMAK,65,23,19,22,32,Batang,,,,Stock awal migrasi,5/19/2026 8:00,7,,,,,,,,,,1,5/19/2026 8:00,,,,,0,,,
STOK_AWAL_DEMAK,65,23,19,23,223,Batang,,,,Stock awal migrasi,5/19/2026 8:00,7,,,,,,,,,,1,5/19/2026 8:00,,,,,0,,,
STOK_AWAL_DEMAK,65,23,19,88,26755,Meter,,,,Stock awal migrasi,5/19/2026 8:00,7,,,,,,,,,,1,5/19/2026 8:00,,,,,0,,,
STOK_AWAL_DEMAK,65,23,19,90,14747,Meter,,,,Stock awal migrasi,5/19/2026 8:00,7,,,,,,,,,,1,5/19/2026 8:00,,,,,0,,,
STOK_AWAL_DEMAK,65,23,19,92,16084,Meter,,,,Stock awal migrasi,5/19/2026 8:00,7,,,,,,,,,,1,5/19/2026 8:00,,,,,0,,,
STOK_AWAL_DEMAK,65,23,19,96,195,Meter,,,,Stock awal migrasi,5/19/2026 8:00,7,,,,,,,,,,1,5/19/2026 8:00,,,,,0,,,
STOK_AWAL_DEMAK,65,23,19,98,4700,Meter,,,,Stock awal migrasi,5/19/2026 8:00,7,,,,,,,,,,1,5/19/2026 8:00,,,,,0,,,
STOK_AWAL_DEMAK,65,23,19,294,79,Unit,,,,Stock awal migrasi,5/19/2026 8:00,7,,,,,,,,,,1,5/19/2026 8:00,,,,,0,,,
STOK_AWAL_DEMAK,65,23,19,296,6,Unit,,,,Stock awal migrasi,5/19/2026 8:00,7,,,,,,,,,,1,5/19/2026 8:00,,,,,0,,,
STOK_AWAL_DEMAK,65,23,19,297,3,Unit,,,,Stock awal migrasi,5/19/2026 8:00,7,,,,,,,,,,1,5/19/2026 8:00,,,,,0,,,
STOK_AWAL_JEMBER,66,23,19,20,3,Batang,,,,Stock awal migrasi,5/19/2026 8:00,7,,,,,,,,,,1,5/19/2026 8:00,,,,,0,,,
STOK_AWAL_JEMBER,66,23,19,21,21,Batang,,,,Stock awal migrasi,5/19/2026 8:00,7,,,,,,,,,,1,5/19/2026 8:00,,,,,0,,,
STOK_AWAL_JEMBER,66,23,19,22,20,Batang,,,,Stock awal migrasi,5/19/2026 8:00,7,,,,,,,,,,1,5/19/2026 8:00,,,,,0,,,
STOK_AWAL_JEMBER,66,23,19,23,32,Batang,,,,Stock awal migrasi,5/19/2026 8:00,7,,,,,,,,,,1,5/19/2026 8:00,,,,,0,,,
STOK_AWAL_JEMBER,66,23,19,88,540,Meter,,,,Stock awal migrasi,5/19/2026 8:00,7,,,,,,,,,,1,5/19/2026 8:00,,,,,0,,,
STOK_AWAL_JEMBER,66,23,19,90,3560,Meter,,,,Stock awal migrasi,5/19/2026 8:00,7,,,,,,,,,,1,5/19/2026 8:00,,,,,0,,,
STOK_AWAL_JEMBER,66,23,19,92,3000,Meter,,,,Stock awal migrasi,5/19/2026 8:00,7,,,,,,,,,,1,5/19/2026 8:00,,,,,0,,,
STOK_AWAL_JEMBER,66,23,19,294,12,Unit,,,,Stock awal migrasi,5/19/2026 8:00,7,,,,,,,,,,1,5/19/2026 8:00,,,,,0,,,
STOK_AWAL_JEMBER,66,23,19,296,1,Unit,,,,Stock awal migrasi,5/19/2026 8:00,7,,,,,,,,,,1,5/19/2026 8:00,,,,,0,,,
STOK_AWAL_JEMBER,66,23,19,297,2,Unit,,,,Stock awal migrasi,5/19/2026 8:00,7,,,,,,,,,,1,5/19/2026 8:00,,,,,0,,,
STOK_AWAL_KEBUMEN,67,23,19,10,234,Batang,,,,Stock awal migrasi,5/19/2026 8:00,7,,,,,,,,,,1,5/19/2026 8:00,,,,,0,,,
STOK_AWAL_KEBUMEN,67,23,19,11,119,Batang,,,,Stock awal migrasi,5/19/2026 8:00,7,,,,,,,,,,1,5/19/2026 8:00,,,,,0,,,
STOK_AWAL_KEBUMEN,67,23,19,12,24,Batang,,,,Stock awal migrasi,5/19/2026 8:00,7,,,,,,,,,,1,5/19/2026 8:00,,,,,0,,,
STOK_AWAL_KEBUMEN,67,23,19,62,3484,Meter,,,,Stock awal migrasi,5/19/2026 8:00,7,,,,,,,,,,1,5/19/2026 8:00,,,,,0,,,
STOK_AWAL_KEBUMEN,67,23,19,64,4000,Meter,,,,Stock awal migrasi,5/19/2026 8:00,7,,,,,,,,,,1,5/19/2026 8:00,,,,,0,,,
STOK_AWAL_KEBUMEN,67,23,19,72,2300,Meter,,,,Stock awal migrasi,5/19/2026 8:00,7,,,,,,,,,,1,5/19/2026 8:00,,,,,0,,,
STOK_AWAL_KEBUMEN,67,23,19,73,7398,Meter,,,,Stock awal migrasi,5/19/2026 8:00,7,,,,,,,,,,1,5/19/2026 8:00,,,,,0,,,
STOK_AWAL_KEBUMEN,67,23,19,74,3613,Meter,,,,Stock awal migrasi,5/19/2026 8:00,7,,,,,,,,,,1,5/19/2026 8:00,,,,,0,,,
STOK_AWAL_KEBUMEN,67,23,19,112,266,Pc(s),,,,Stock awal migrasi,5/19/2026 8:00,7,,,,,,,,,,1,5/19/2026 8:00,,,,,0,,,
STOK_AWAL_KEBUMEN,67,23,19,117,500,Pc(s),,,,Stock awal migrasi,5/19/2026 8:00,7,,,,,,,,,,1,5/19/2026 8:00,,,,,0,,,
STOK_AWAL_KEBUMEN,67,23,19,130,150,Pc(s),,,,Stock awal migrasi,5/19/2026 8:00,7,,,,,,,,,,1,5/19/2026 8:00,,,,,0,,,
STOK_AWAL_KEBUMEN,67,23,19,144,155,Pc(s),,,,Stock awal migrasi,5/19/2026 8:00,7,,,,,,,,,,1,5/19/2026 8:00,,,,,0,,,
STOK_AWAL_KEBUMEN,67,23,19,178,8,Unit,,,,Stock awal migrasi,5/19/2026 8:00,7,,,,,,,,,,1,5/19/2026 8:00,,,,,0,,,
STOK_AWAL_KEBUMEN,67,23,19,207,24,Pc(s),,,,Stock awal migrasi,5/19/2026 8:00,7,,,,,,,,,,1,5/19/2026 8:00,,,,,0,,,
STOK_AWAL_KEBUMEN,67,23,19,311,4,Unit,,,,Stock awal migrasi,5/19/2026 8:00,7,,,,,,,,,,1,5/19/2026 8:00,,,,,0,,,
STOK_AWAL_KEBUMEN,67,23,19,313,54,Unit,,,,Stock awal migrasi,5/19/2026 8:00,7,,,,,,,,,,1,5/19/2026 8:00,,,,,0,,,
STOK_AWAL_KEBUMEN,67,23,19,319,48,Pc(s),,,,Stock awal migrasi,5/19/2026 8:00,7,,,,,,,,,,1,5/19/2026 8:00,,,,,0,,,
STOK_AWAL_KEBUMEN,67,23,19,320,60,Pc(s),,,,Stock awal migrasi,5/19/2026 8:00,7,,,,,,,,,,1,5/19/2026 8:00,,,,,0,,,
STOK_AWAL_KLATEN,38,23,19,20,180,Batang,,,,Stock awal migrasi,5/19/2026 8:00,7,,,,,,,,,,1,5/19/2026 8:00,,,,,0,,,
STOK_AWAL_KLATEN,38,23,19,21,2,Batang,,,,Stock awal migrasi,5/19/2026 8:00,7,,,,,,,,,,1,5/19/2026 8:00,,,,,0,,,
STOK_AWAL_KLATEN,38,23,19,23,200,Batang,,,,Stock awal migrasi,5/19/2026 8:00,7,,,,,,,,,,1,5/19/2026 8:00,,,,,0,,,
STOK_AWAL_KLATEN,38,23,19,92,2000,Meter,,,,Stock awal migrasi,5/19/2026 8:00,7,,,,,,,,,,1,5/19/2026 8:00,,,,,0,,,
STOK_AWAL_KLATEN,38,23,19,294,68,Unit,,,,Stock awal migrasi,5/19/2026 8:00,7,,,,,,,,,,1,5/19/2026 8:00,,,,,0,,,
STOK_AWAL_KLATEN,38,23,19,296,1,Unit,,,,Stock awal migrasi,5/19/2026 8:00,7,,,,,,,,,,1,5/19/2026 8:00,,,,,0,,,
STOK_AWAL_KLATEN,38,23,19,297,3,Unit,,,,Stock awal migrasi,5/19/2026 8:00,7,,,,,,,,,,1,5/19/2026 8:00,,,,,0,,,
STOK_AWAL_KUPANG,12,23,19,5,47,Batang,,,,Stock awal migrasi,5/19/2026 8:00,7,,,,,,,,,,1,5/19/2026 8:00,,,,,0,,,
STOK_AWAL_KUPANG,12,23,19,26,6864,Meter,,,,Stock awal migrasi,5/19/2026 8:00,7,,,,,,,,,,1,5/19/2026 8:00,,,,,0,,,
STOK_AWAL_KUPANG,12,23,19,28,3640,Meter,,,,Stock awal migrasi,5/19/2026 8:00,7,,,,,,,,,,1,5/19/2026 8:00,,,,,0,,,
STOK_AWAL_KUPANG,12,23,19,31,4000,Meter,,,,Stock awal migrasi,5/19/2026 8:00,7,,,,,,,,,,1,5/19/2026 8:00,,,,,0,,,
STOK_AWAL_KUPANG,12,23,19,32,1739,Meter,,,,Stock awal migrasi,5/19/2026 8:00,7,,,,,,,,,,1,5/19/2026 8:00,,,,,0,,,
STOK_AWAL_KUPANG,12,23,19,38,230,Meter,,,,Stock awal migrasi,5/19/2026 8:00,7,,,,,,,,,,1,5/19/2026 8:00,,,,,0,,,
STOK_AWAL_KUPANG,12,23,19,77,12000,Meter,,,,Stock awal migrasi,5/19/2026 8:00,7,,,,,,,,,,1,5/19/2026 8:00,,,,,0,,,
STOK_AWAL_KUPANG,12,23,19,99,518,Meter,,,,Stock awal migrasi,5/19/2026 8:00,7,,,,,,,,,,1,5/19/2026 8:00,,,,,0,,,
STOK_AWAL_KUPANG,12,23,19,113,1000,Pc(s),,,,Stock awal migrasi,5/19/2026 8:00,7,,,,,,,,,,1,5/19/2026 8:00,,,,,0,,,
STOK_AWAL_KUPANG,12,23,19,114,2312,Pc(s),,,,Stock awal migrasi,5/19/2026 8:00,7,,,,,,,,,,1,5/19/2026 8:00,,,,,0,,,
STOK_AWAL_KUPANG,12,23,19,115,600,Pc(s),,,,Stock awal migrasi,5/19/2026 8:00,7,,,,,,,,,,1,5/19/2026 8:00,,,,,0,,,
STOK_AWAL_KUPANG,12,23,19,117,133,Pc(s),,,,Stock awal migrasi,5/19/2026 8:00,7,,,,,,,,,,1,5/19/2026 8:00,,,,,0,,,
STOK_AWAL_KUPANG,12,23,19,119,43,Roll,,,,Stock awal migrasi,5/19/2026 8:00,7,,,,,,,,,,1,5/19/2026 8:00,,,,,0,,,
STOK_AWAL_KUPANG,12,23,19,129,465,Pc(s),,,,Stock awal migrasi,5/19/2026 8:00,7,,,,,,,,,,1,5/19/2026 8:00,,,,,0,,,
STOK_AWAL_KUPANG,12,23,19,130,431,Pc(s),,,,Stock awal migrasi,5/19/2026 8:00,7,,,,,,,,,,1,5/19/2026 8:00,,,,,0,,,
STOK_AWAL_KUPANG,12,23,19,133,600,Pc(s),,,,Stock awal migrasi,5/19/2026 8:00,7,,,,,,,,,,1,5/19/2026 8:00,,,,,0,,,
STOK_AWAL_KUPANG,12,23,19,137,1000,Pc(s),,,,Stock awal migrasi,5/19/2026 8:00,7,,,,,,,,,,1,5/19/2026 8:00,,,,,0,,,
STOK_AWAL_KUPANG,12,23,19,151,129,Pc(s),,,,Stock awal migrasi,5/19/2026 8:00,7,,,,,,,,,,1,5/19/2026 8:00,,,,,0,,,
STOK_AWAL_KUPANG,12,23,19,165,5,Unit,,,,Stock awal migrasi,5/19/2026 8:00,7,,,,,,,,,,1,5/19/2026 8:00,,,,,0,,,
STOK_AWAL_KUPANG,12,23,19,168,7,Unit,,,,Stock awal migrasi,5/19/2026 8:00,7,,,,,,,,,,1,5/19/2026 8:00,,,,,0,,,
STOK_AWAL_KUPANG,12,23,19,185,20,Unit,,,,Stock awal migrasi,5/19/2026 8:00,7,,,,,,,,,,1,5/19/2026 8:00,,,,,0,,,
STOK_AWAL_KUPANG,12,23,19,190,5,Unit,,,,Stock awal migrasi,5/19/2026 8:00,7,,,,,,,,,,1,5/19/2026 8:00,,,,,0,,,
STOK_AWAL_KUPANG,12,23,19,191,16,Unit,,,,Stock awal migrasi,5/19/2026 8:00,7,,,,,,,,,,1,5/19/2026 8:00,,,,,0,,,
STOK_AWAL_KUPANG,12,23,19,192,1,Unit,,,,Stock awal migrasi,5/19/2026 8:00,7,,,,,,,,,,1,5/19/2026 8:00,,,,,0,,,
STOK_AWAL_KUPANG,12,23,19,194,3,Unit,,,,Stock awal migrasi,5/19/2026 8:00,7,,,,,,,,,,1,5/19/2026 8:00,,,,,0,,,
STOK_AWAL_KUPANG,12,23,19,202,2,Unit,,,,Stock awal migrasi,5/19/2026 8:00,7,,,,,,,,,,1,5/19/2026 8:00,,,,,0,,,
STOK_AWAL_KUPANG,12,23,19,204,60,Pc(s),,,,Stock awal migrasi,5/19/2026 8:00,7,,,,,,,,,,1,5/19/2026 8:00,,,,,0,,,
STOK_AWAL_KUPANG,12,23,19,207,24,Pc(s),,,,Stock awal migrasi,5/19/2026 8:00,7,,,,,,,,,,1,5/19/2026 8:00,,,,,0,,,
STOK_AWAL_KUPANG,12,23,19,208,3,Pc(s),,,,Stock awal migrasi,5/19/2026 8:00,7,,,,,,,,,,1,5/19/2026 8:00,,,,,0,,,
STOK_AWAL_KUPANG,12,23,19,221,65,Pc(s),,,,Stock awal migrasi,5/19/2026 8:00,7,,,,,,,,,,1,5/19/2026 8:00,,,,,0,,,
STOK_AWAL_KUPANG,12,23,19,222,48,Pc(s),,,,Stock awal migrasi,5/19/2026 8:00,7,,,,,,,,,,1,5/19/2026 8:00,,,,,0,,,
STOK_AWAL_KUPANG,12,23,19,223,30,Pc(s),,,,Stock awal migrasi,5/19/2026 8:00,7,,,,,,,,,,1,5/19/2026 8:00,,,,,0,,,
STOK_AWAL_KUPANG,12,23,19,294,25,Unit,,,,Stock awal migrasi,5/19/2026 8:00,7,,,,,,,,,,1,5/19/2026 8:00,,,,,0,,,
STOK_AWAL_KUPANG,12,23,19,296,2,Unit,,,,Stock awal migrasi,5/19/2026 8:00,7,,,,,,,,,,1,5/19/2026 8:00,,,,,0,,,
STOK_AWAL_MADIUN,48,23,19,20,130,Batang,,,,Stock awal migrasi,5/19/2026 8:00,7,,,,,,,,,,1,5/19/2026 8:00,,,,,0,,,
STOK_AWAL_MADIUN,48,23,19,21,158,Batang,,,,Stock awal migrasi,5/19/2026 8:00,7,,,,,,,,,,1,5/19/2026 8:00,,,,,0,,,
STOK_AWAL_MADIUN,48,23,19,23,139,Batang,,,,Stock awal migrasi,5/19/2026 8:00,7,,,,,,,,,,1,5/19/2026 8:00,,,,,0,,,
STOK_AWAL_MADIUN,48,23,19,87,11233,Meter,,,,Stock awal migrasi,5/19/2026 8:00,7,,,,,,,,,,1,5/19/2026 8:00,,,,,0,,,
STOK_AWAL_MADIUN,48,23,19,110,700,Pc(s),,,,Stock awal migrasi,5/19/2026 8:00,7,,,,,,,,,,1,5/19/2026 8:00,,,,,0,,,
STOK_AWAL_MADIUN,48,23,19,113,650,Pc(s),,,,Stock awal migrasi,5/19/2026 8:00,7,,,,,,,,,,1,5/19/2026 8:00,,,,,0,,,
STOK_AWAL_MADIUN,48,23,19,114,850,Pc(s),,,,Stock awal migrasi,5/19/2026 8:00,7,,,,,,,,,,1,5/19/2026 8:00,,,,,0,,,
STOK_AWAL_MADIUN,48,23,19,117,305,Pc(s),,,,Stock awal migrasi,5/19/2026 8:00,7,,,,,,,,,,1,5/19/2026 8:00,,,,,0,,,
STOK_AWAL_MADIUN,48,23,19,119,2000,Roll,,,,Stock awal migrasi,5/19/2026 8:00,7,,,,,,,,,,1,5/19/2026 8:00,,,,,0,,,
STOK_AWAL_MADIUN,48,23,19,122,82,Pc(s),,,,Stock awal migrasi,5/19/2026 8:00,7,,,,,,,,,,1,5/19/2026 8:00,,,,,0,,,
STOK_AWAL_MADIUN,48,23,19,123,4050,Meter,,,,Stock awal migrasi,5/19/2026 8:00,7,,,,,,,,,,1,5/19/2026 8:00,,,,,0,,,
STOK_AWAL_MADIUN,48,23,19,131,550,Pc(s),,,,Stock awal migrasi,5/19/2026 8:00,7,,,,,,,,,,1,5/19/2026 8:00,,,,,0,,,
STOK_AWAL_MADIUN,48,23,19,171,2,Unit,,,,Stock awal migrasi,5/19/2026 8:00,7,,,,,,,,,,1,5/19/2026 8:00,,,,,0,,,
STOK_AWAL_MADIUN,48,23,19,173,1,Unit,,,,Stock awal migrasi,5/19/2026 8:00,7,,,,,,,,,,1,5/19/2026 8:00,,,,,0,,,
STOK_AWAL_MADIUN,48,23,19,294,70,Unit,,,,Stock awal migrasi,5/19/2026 8:00,7,,,,,,,,,,1,5/19/2026 8:00,,,,,0,,,
STOK_AWAL_MADIUN,48,23,19,296,4,Unit,,,,Stock awal migrasi,5/19/2026 8:00,7,,,,,,,,,,1,5/19/2026 8:00,,,,,0,,,
STOK_AWAL_MADIUN,48,23,19,297,3,Unit,,,,Stock awal migrasi,5/19/2026 8:00,7,,,,,,,,,,1,5/19/2026 8:00,,,,,0,,,
STOK_AWAL_MALANG,56,23,19,11,34,Batang,,,,Stock awal migrasi,5/19/2026 8:00,7,,,,,,,,,,1,5/19/2026 8:00,,,,,0,,,
STOK_AWAL_MALANG,56,23,19,12,6,Batang,,,,Stock awal migrasi,5/19/2026 8:00,7,,,,,,,,,,1,5/19/2026 8:00,,,,,0,,,
STOK_AWAL_MALANG,56,23,19,20,12,Batang,,,,Stock awal migrasi,5/19/2026 8:00,7,,,,,,,,,,1,5/19/2026 8:00,,,,,0,,,
STOK_AWAL_MALANG,56,23,19,21,64,Batang,,,,Stock awal migrasi,5/19/2026 8:00,7,,,,,,,,,,1,5/19/2026 8:00,,,,,0,,,
STOK_AWAL_MALANG,56,23,19,23,7,Batang,,,,Stock awal migrasi,5/19/2026 8:00,7,,,,,,,,,,1,5/19/2026 8:00,,,,,0,,,
STOK_AWAL_MALANG,56,23,19,72,1231,Meter,,,,Stock awal migrasi,5/19/2026 8:00,7,,,,,,,,,,1,5/19/2026 8:00,,,,,0,,,
STOK_AWAL_MALANG,56,23,19,73,2667,Meter,,,,Stock awal migrasi,5/19/2026 8:00,7,,,,,,,,,,1,5/19/2026 8:00,,,,,0,,,
STOK_AWAL_MALANG,56,23,19,74,304,Meter,,,,Stock awal migrasi,5/19/2026 8:00,7,,,,,,,,,,1,5/19/2026 8:00,,,,,0,,,
STOK_AWAL_MALANG,56,23,19,88,3613,Meter,,,,Stock awal migrasi,5/19/2026 8:00,7,,,,,,,,,,1,5/19/2026 8:00,,,,,0,,,
STOK_AWAL_MALANG,56,23,19,90,5451,Meter,,,,Stock awal migrasi,5/19/2026 8:00,7,,,,,,,,,,1,5/19/2026 8:00,,,,,0,,,
STOK_AWAL_MALANG,56,23,19,92,2768,Meter,,,,Stock awal migrasi,5/19/2026 8:00,7,,,,,,,,,,1,5/19/2026 8:00,,,,,0,,,
STOK_AWAL_MALANG,56,23,19,94,4950,Meter,,,,Stock awal migrasi,5/19/2026 8:00,7,,,,,,,,,,1,5/19/2026 8:00,,,,,0,,,
STOK_AWAL_MALANG,56,23,19,176,1,Unit,,,,Stock awal migrasi,5/19/2026 8:00,7,,,,,,,,,,1,5/19/2026 8:00,,,,,0,,,
STOK_AWAL_MALANG,56,23,19,177,6,Unit,,,,Stock awal migrasi,5/19/2026 8:00,7,,,,,,,,,,1,5/19/2026 8:00,,,,,0,,,
STOK_AWAL_MALANG,56,23,19,294,4,Unit,,,,Stock awal migrasi,5/19/2026 8:00,7,,,,,,,,,,1,5/19/2026 8:00,,,,,0,,,
STOK_AWAL_MALANG,56,23,19,313,44,Unit,,,,Stock awal migrasi,5/19/2026 8:00,7,,,,,,,,,,1,5/19/2026 8:00,,,,,0,,,
STOK_AWAL_MALANG,56,23,19,319,36,Pc(s),,,,Stock awal migrasi,5/19/2026 8:00,7,,,,,,,,,,1,5/19/2026 8:00,,,,,0,,,
STOK_AWAL_PATI,68,23,19,20,164,Batang,,,,Stock awal migrasi,5/19/2026 8:00,7,,,,,,,,,,1,5/19/2026 8:00,,,,,0,,,
STOK_AWAL_PATI,68,23,19,21,168,Batang,,,,Stock awal migrasi,5/19/2026 8:00,7,,,,,,,,,,1,5/19/2026 8:00,,,,,0,,,
STOK_AWAL_PATI,68,23,19,22,32,Batang,,,,Stock awal migrasi,5/19/2026 8:00,7,,,,,,,,,,1,5/19/2026 8:00,,,,,0,,,
STOK_AWAL_PATI,68,23,19,23,223,Batang,,,,Stock awal migrasi,5/19/2026 8:00,7,,,,,,,,,,1,5/19/2026 8:00,,,,,0,,,
STOK_AWAL_PATI,68,23,19,88,26755,Meter,,,,Stock awal migrasi,5/19/2026 8:00,7,,,,,,,,,,1,5/19/2026 8:00,,,,,0,,,
STOK_AWAL_PATI,68,23,19,90,14747,Meter,,,,Stock awal migrasi,5/19/2026 8:00,7,,,,,,,,,,1,5/19/2026 8:00,,,,,0,,,
STOK_AWAL_PATI,68,23,19,92,16084,Meter,,,,Stock awal migrasi,5/19/2026 8:00,7,,,,,,,,,,1,5/19/2026 8:00,,,,,0,,,
STOK_AWAL_PATI,68,23,19,96,195,Meter,,,,Stock awal migrasi,5/19/2026 8:00,7,,,,,,,,,,1,5/19/2026 8:00,,,,,0,,,
STOK_AWAL_PATI,68,23,19,98,4700,Meter,,,,Stock awal migrasi,5/19/2026 8:00,7,,,,,,,,,,1,5/19/2026 8:00,,,,,0,,,
STOK_AWAL_PATI,68,23,19,294,79,Unit,,,,Stock awal migrasi,5/19/2026 8:00,7,,,,,,,,,,1,5/19/2026 8:00,,,,,0,,,
STOK_AWAL_PATI,68,23,19,296,6,Unit,,,,Stock awal migrasi,5/19/2026 8:00,7,,,,,,,,,,1,5/19/2026 8:00,,,,,0,,,
STOK_AWAL_PATI,68,23,19,297,3,Unit,,,,Stock awal migrasi,5/19/2026 8:00,7,,,,,,,,,,1,5/19/2026 8:00,,,,,0,,,
STOK_AWAL_PEMALANG,22,23,19,20,31,Batang,,,,Stock awal migrasi,5/19/2026 8:00,7,,,,,,,,,,1,5/19/2026 8:00,,,,,0,,,
STOK_AWAL_PEMALANG,22,23,19,21,18,Batang,,,,Stock awal migrasi,5/19/2026 8:00,7,,,,,,,,,,1,5/19/2026 8:00,,,,,0,,,
STOK_AWAL_PEMALANG,22,23,19,22,53,Batang,,,,Stock awal migrasi,5/19/2026 8:00,7,,,,,,,,,,1,5/19/2026 8:00,,,,,0,,,
STOK_AWAL_PEMALANG,22,23,19,23,61,Batang,,,,Stock awal migrasi,5/19/2026 8:00,7,,,,,,,,,,1,5/19/2026 8:00,,,,,0,,,
STOK_AWAL_PEMALANG,22,23,19,88,4365,Meter,,,,Stock awal migrasi,5/19/2026 8:00,7,,,,,,,,,,1,5/19/2026 8:00,,,,,0,,,
STOK_AWAL_PEMALANG,22,23,19,90,1408,Meter,,,,Stock awal migrasi,5/19/2026 8:00,7,,,,,,,,,,1,5/19/2026 8:00,,,,,0,,,
STOK_AWAL_PEMALANG,22,23,19,92,707,Meter,,,,Stock awal migrasi,5/19/2026 8:00,7,,,,,,,,,,1,5/19/2026 8:00,,,,,0,,,
STOK_AWAL_PEMALANG,22,23,19,96,3770,Meter,,,,Stock awal migrasi,5/19/2026 8:00,7,,,,,,,,,,1,5/19/2026 8:00,,,,,0,,,
STOK_AWAL_PEMALANG,22,23,19,98,1832,Meter,,,,Stock awal migrasi,5/19/2026 8:00,7,,,,,,,,,,1,5/19/2026 8:00,,,,,0,,,
STOK_AWAL_PEMALANG,22,23,19,294,4,Unit,,,,Stock awal migrasi,5/19/2026 8:00,7,,,,,,,,,,1,5/19/2026 8:00,,,,,0,,,
STOK_AWAL_PEMALANG,22,23,19,296,1,Unit,,,,Stock awal migrasi,5/19/2026 8:00,7,,,,,,,,,,1,5/19/2026 8:00,,,,,0,,,
STOK_AWAL_PEMALANG,22,23,19,297,1,Unit,,,,Stock awal migrasi,5/19/2026 8:00,7,,,,,,,,,,1,5/19/2026 8:00,,,,,0,,,
STOK_AWAL_PROBOLINGGO,69,23,19,20,14,Batang,,,,Stock awal migrasi,5/19/2026 8:00,7,,,,,,,,,,1,5/19/2026 8:00,,,,,0,,,
STOK_AWAL_PROBOLINGGO,69,23,19,21,5,Batang,,,,Stock awal migrasi,5/19/2026 8:00,7,,,,,,,,,,1,5/19/2026 8:00,,,,,0,,,
STOK_AWAL_PROBOLINGGO,69,23,19,87,917,Meter,,,,Stock awal migrasi,5/19/2026 8:00,7,,,,,,,,,,1,5/19/2026 8:00,,,,,0,,,
STOK_AWAL_PROBOLINGGO,69,23,19,91,1357,Meter,,,,Stock awal migrasi,5/19/2026 8:00,7,,,,,,,,,,1,5/19/2026 8:00,,,,,0,,,
STOK_AWAL_PROBOLINGGO,69,23,19,294,2,Unit,,,,Stock awal migrasi,5/19/2026 8:00,7,,,,,,,,,,1,5/19/2026 8:00,,,,,0,,,
STOK_AWAL_PURWOREJO,37,23,19,20,96,Batang,,,,Stock awal migrasi,5/19/2026 8:00,7,,,,,,,,,,1,5/19/2026 8:00,,,,,0,,,
STOK_AWAL_PURWOREJO,37,23,19,23,15,Batang,,,,Stock awal migrasi,5/19/2026 8:00,7,,,,,,,,,,1,5/19/2026 8:00,,,,,0,,,
STOK_AWAL_PURWOREJO,37,23,19,88,5838,Meter,,,,Stock awal migrasi,5/19/2026 8:00,7,,,,,,,,,,1,5/19/2026 8:00,,,,,0,,,
STOK_AWAL_PURWOREJO,37,23,19,90,1190,Meter,,,,Stock awal migrasi,5/19/2026 8:00,7,,,,,,,,,,1,5/19/2026 8:00,,,,,0,,,
STOK_AWAL_PURWOREJO,37,23,19,92,2156,Meter,,,,Stock awal migrasi,5/19/2026 8:00,7,,,,,,,,,,1,5/19/2026 8:00,,,,,0,,,
STOK_AWAL_PURWOREJO,37,23,19,94,2400,Meter,,,,Stock awal migrasi,5/19/2026 8:00,7,,,,,,,,,,1,5/19/2026 8:00,,,,,0,,,
STOK_AWAL_PURWOREJO,37,23,19,95,2991,Meter,,,,Stock awal migrasi,5/19/2026 8:00,7,,,,,,,,,,1,5/19/2026 8:00,,,,,0,,,
STOK_AWAL_PURWOREJO,37,23,19,294,29,Unit,,,,Stock awal migrasi,5/19/2026 8:00,7,,,,,,,,,,1,5/19/2026 8:00,,,,,0,,,
STOK_AWAL_SALATIGA,55,23,19,10,24,Batang,,,,Stock awal migrasi,5/19/2026 8:00,7,,,,,,,,,,1,5/19/2026 8:00,,,,,0,,,
STOK_AWAL_SALATIGA,55,23,19,11,22,Batang,,,,Stock awal migrasi,5/19/2026 8:00,7,,,,,,,,,,1,5/19/2026 8:00,,,,,0,,,
STOK_AWAL_SALATIGA,55,23,19,12,14,Batang,,,,Stock awal migrasi,5/19/2026 8:00,7,,,,,,,,,,1,5/19/2026 8:00,,,,,0,,,
STOK_AWAL_SALATIGA,55,23,19,72,1696,Meter,,,,Stock awal migrasi,5/19/2026 8:00,7,,,,,,,,,,1,5/19/2026 8:00,,,,,0,,,
STOK_AWAL_SALATIGA,55,23,19,73,1647,Meter,,,,Stock awal migrasi,5/19/2026 8:00,7,,,,,,,,,,1,5/19/2026 8:00,,,,,0,,,
STOK_AWAL_SALATIGA,55,23,19,74,531,Meter,,,,Stock awal migrasi,5/19/2026 8:00,7,,,,,,,,,,1,5/19/2026 8:00,,,,,0,,,
STOK_AWAL_SALATIGA,55,23,19,158,48,Pc(s),,,,Stock awal migrasi,5/19/2026 8:00,7,,,,,,,,,,1,5/19/2026 8:00,,,,,0,,,
STOK_AWAL_SALATIGA,55,23,19,176,7,Unit,,,,Stock awal migrasi,5/19/2026 8:00,7,,,,,,,,,,1,5/19/2026 8:00,,,,,0,,,
STOK_AWAL_SALATIGA,55,23,19,177,14,Unit,,,,Stock awal migrasi,5/19/2026 8:00,7,,,,,,,,,,1,5/19/2026 8:00,,,,,0,,,
STOK_AWAL_SALATIGA,55,23,19,313,41,Unit,,,,Stock awal migrasi,5/19/2026 8:00,7,,,,,,,,,,1,5/19/2026 8:00,,,,,0,,,
STOK_AWAL_SALATIGA,55,23,19,319,109,Pc(s),,,,Stock awal migrasi,5/19/2026 8:00,7,,,,,,,,,,1,5/19/2026 8:00,,,,,0,,,
STOK_AWAL_SIDOARJO,57,23,19,20,82,Batang,,,,Stock awal migrasi,5/19/2026 8:00,7,,,,,,,,,,1,5/19/2026 8:00,,,,,0,,,
STOK_AWAL_SIDOARJO,57,23,19,22,3,Batang,,,,Stock awal migrasi,5/19/2026 8:00,7,,,,,,,,,,1,5/19/2026 8:00,,,,,0,,,
STOK_AWAL_SIDOARJO,57,23,19,88,2069,Meter,,,,Stock awal migrasi,5/19/2026 8:00,7,,,,,,,,,,1,5/19/2026 8:00,,,,,0,,,
STOK_AWAL_SIDOARJO,57,23,19,92,1551,Meter,,,,Stock awal migrasi,5/19/2026 8:00,7,,,,,,,,,,1,5/19/2026 8:00,,,,,0,,,
STOK_AWAL_SIDOARJO,57,23,19,294,10,Unit,,,,Stock awal migrasi,5/19/2026 8:00,7,,,,,,,,,,1,5/19/2026 8:00,,,,,0,,,
STOK_AWAL_SRAGEN,25,23,19,20,83,Batang,,,,Stock awal migrasi,5/19/2026 8:00,7,,,,,,,,,,1,5/19/2026 8:00,,,,,0,,,
STOK_AWAL_SRAGEN,25,23,19,21,209,Batang,,,,Stock awal migrasi,5/19/2026 8:00,7,,,,,,,,,,1,5/19/2026 8:00,,,,,0,,,
STOK_AWAL_SRAGEN,25,23,19,22,14,Batang,,,,Stock awal migrasi,5/19/2026 8:00,7,,,,,,,,,,1,5/19/2026 8:00,,,,,0,,,
STOK_AWAL_SRAGEN,25,23,19,87,16000,Meter,,,,Stock awal migrasi,5/19/2026 8:00,7,,,,,,,,,,1,5/19/2026 8:00,,,,,0,,,
STOK_AWAL_SRAGEN,25,23,19,88,1956,Meter,,,,Stock awal migrasi,5/19/2026 8:00,7,,,,,,,,,,1,5/19/2026 8:00,,,,,0,,,
STOK_AWAL_SRAGEN,25,23,19,90,3256,Meter,,,,Stock awal migrasi,5/19/2026 8:00,7,,,,,,,,,,1,5/19/2026 8:00,,,,,0,,,
STOK_AWAL_SRAGEN,25,23,19,91,4294,Meter,,,,Stock awal migrasi,5/19/2026 8:00,7,,,,,,,,,,1,5/19/2026 8:00,,,,,0,,,
STOK_AWAL_SRAGEN,25,23,19,92,2059,Meter,,,,Stock awal migrasi,5/19/2026 8:00,7,,,,,,,,,,1,5/19/2026 8:00,,,,,0,,,
STOK_AWAL_SRAGEN,25,23,19,94,3951,Meter,,,,Stock awal migrasi,5/19/2026 8:00,7,,,,,,,,,,1,5/19/2026 8:00,,,,,0,,,
STOK_AWAL_SRAGEN,25,23,19,96,443,Meter,,,,Stock awal migrasi,5/19/2026 8:00,7,,,,,,,,,,1,5/19/2026 8:00,,,,,0,,,
STOK_AWAL_SRAGEN,25,23,19,294,154,Unit,,,,Stock awal migrasi,5/19/2026 8:00,7,,,,,,,,,,1,5/19/2026 8:00,,,,,0,,,
STOK_AWAL_SRAGEN,25,23,19,296,9,Unit,,,,Stock awal migrasi,5/19/2026 8:00,7,,,,,,,,,,1,5/19/2026 8:00,,,,,0,,,
STOK_AWAL_SRAGEN,25,23,19,297,9,Unit,,,,Stock awal migrasi,5/19/2026 8:00,7,,,,,,,,,,1,5/19/2026 8:00,,,,,0,,,
STOK_AWAL_TEGAL,27,23,19,20,79,Batang,,,,Stock awal migrasi,5/19/2026 8:00,7,,,,,,,,,,1,5/19/2026 8:00,,,,,0,,,
STOK_AWAL_TEGAL,27,23,19,21,15,Batang,,,,Stock awal migrasi,5/19/2026 8:00,7,,,,,,,,,,1,5/19/2026 8:00,,,,,0,,,
STOK_AWAL_TEGAL,27,23,19,22,9,Batang,,,,Stock awal migrasi,5/19/2026 8:00,7,,,,,,,,,,1,5/19/2026 8:00,,,,,0,,,
STOK_AWAL_TEGAL,27,23,19,23,123,Batang,,,,Stock awal migrasi,5/19/2026 8:00,7,,,,,,,,,,1,5/19/2026 8:00,,,,,0,,,
STOK_AWAL_TEGAL,27,23,19,88,838,Meter,,,,Stock awal migrasi,5/19/2026 8:00,7,,,,,,,,,,1,5/19/2026 8:00,,,,,0,,,
STOK_AWAL_TEGAL,27,23,19,294,22,Unit,,,,Stock awal migrasi,5/19/2026 8:00,7,,,,,,,,,,1,5/19/2026 8:00,,,,,0,,,
STOK_AWAL_TEGAL,27,23,19,297,3,Unit,,,,Stock awal migrasi,5/19/2026 8:00,7,,,,,,,,,,1,5/19/2026 8:00,,,,,0,,,
STOK_AWAL_BALIKPAPAN,2,23,19,18,5,Batang,,,,Stock awal migrasi,5/19/2026 8:00,7,,,,,,,,,,1,5/19/2026 8:00,,,,,0,,,
STOK_AWAL_BALIKPAPAN,2,23,19,19,2,Batang,,,,Stock awal migrasi,5/19/2026 8:00,7,,,,,,,,,,1,5/19/2026 8:00,,,,,0,,,
STOK_AWAL_BALIKPAPAN,2,23,19,20,179,Batang,,,,Stock awal migrasi,5/19/2026 8:00,7,,,,,,,,,,1,5/19/2026 8:00,,,,,0,,,
STOK_AWAL_BALIKPAPAN,2,23,19,21,158,Batang,,,,Stock awal migrasi,5/19/2026 8:00,7,,,,,,,,,,1,5/19/2026 8:00,,,,,0,,,
STOK_AWAL_BALIKPAPAN,2,23,19,22,91,Batang,,,,Stock awal migrasi,5/19/2026 8:00,7,,,,,,,,,,1,5/19/2026 8:00,,,,,0,,,
STOK_AWAL_BALIKPAPAN,2,23,19,23,91,Batang,,,,Stock awal migrasi,5/19/2026 8:00,7,,,,,,,,,,1,5/19/2026 8:00,,,,,0,,,
STOK_AWAL_BALIKPAPAN,2,23,19,77,6000,Meter,,,,Stock awal migrasi,5/19/2026 8:00,7,,,,,,,,,,1,5/19/2026 8:00,,,,,0,,,
STOK_AWAL_BALIKPAPAN,2,23,19,78,1337,Meter,,,,Stock awal migrasi,5/19/2026 8:00,7,,,,,,,,,,1,5/19/2026 8:00,,,,,0,,,
STOK_AWAL_BALIKPAPAN,2,23,19,87,10622,Meter,,,,Stock awal migrasi,5/19/2026 8:00,7,,,,,,,,,,1,5/19/2026 8:00,,,,,0,,,
STOK_AWAL_BALIKPAPAN,2,23,19,88,9541,Meter,,,,Stock awal migrasi,5/19/2026 8:00,7,,,,,,,,,,1,5/19/2026 8:00,,,,,0,,,
STOK_AWAL_BALIKPAPAN,2,23,19,90,974,Meter,,,,Stock awal migrasi,5/19/2026 8:00,7,,,,,,,,,,1,5/19/2026 8:00,,,,,0,,,
STOK_AWAL_BALIKPAPAN,2,23,19,91,11221,Meter,,,,Stock awal migrasi,5/19/2026 8:00,7,,,,,,,,,,1,5/19/2026 8:00,,,,,0,,,
STOK_AWAL_BALIKPAPAN,2,23,19,92,25236,Meter,,,,Stock awal migrasi,5/19/2026 8:00,7,,,,,,,,,,1,5/19/2026 8:00,,,,,0,,,
STOK_AWAL_BALIKPAPAN,2,23,19,95,12000,Meter,,,,Stock awal migrasi,5/19/2026 8:00,7,,,,,,,,,,1,5/19/2026 8:00,,,,,0,,,
STOK_AWAL_BALIKPAPAN,2,23,19,96,2624,Meter,,,,Stock awal migrasi,5/19/2026 8:00,7,,,,,,,,,,1,5/19/2026 8:00,,,,,0,,,
STOK_AWAL_BALIKPAPAN,2,23,19,110,2457,Pc(s),,,,Stock awal migrasi,5/19/2026 8:00,7,,,,,,,,,,1,5/19/2026 8:00,,,,,0,,,
STOK_AWAL_BALIKPAPAN,2,23,19,112,500,Pc(s),,,,Stock awal migrasi,5/19/2026 8:00,7,,,,,,,,,,1,5/19/2026 8:00,,,,,0,,,
STOK_AWAL_BALIKPAPAN,2,23,19,113,7597,Pc(s),,,,Stock awal migrasi,5/19/2026 8:00,7,,,,,,,,,,1,5/19/2026 8:00,,,,,0,,,
STOK_AWAL_BALIKPAPAN,2,23,19,114,80,Pc(s),,,,Stock awal migrasi,5/19/2026 8:00,7,,,,,,,,,,1,5/19/2026 8:00,,,,,0,,,
STOK_AWAL_BALIKPAPAN,2,23,19,117,20796,Pc(s),,,,Stock awal migrasi,5/19/2026 8:00,7,,,,,,,,,,1,5/19/2026 8:00,,,,,0,,,
STOK_AWAL_BALIKPAPAN,2,23,19,119,146,Roll,,,,Stock awal migrasi,5/19/2026 8:00,7,,,,,,,,,,1,5/19/2026 8:00,,,,,0,,,
STOK_AWAL_BALIKPAPAN,2,23,19,120,1500,Pc(s),,,,Stock awal migrasi,5/19/2026 8:00,7,,,,,,,,,,1,5/19/2026 8:00,,,,,0,,,
STOK_AWAL_BALIKPAPAN,2,23,19,121,631,Pc(s),,,,Stock awal migrasi,5/19/2026 8:00,7,,,,,,,,,,1,5/19/2026 8:00,,,,,0,,,
STOK_AWAL_BALIKPAPAN,2,23,19,122,631,Pc(s),,,,Stock awal migrasi,5/19/2026 8:00,7,,,,,,,,,,1,5/19/2026 8:00,,,,,0,,,
STOK_AWAL_BALIKPAPAN,2,23,19,123,9800,Meter,,,,Stock awal migrasi,5/19/2026 8:00,7,,,,,,,,,,1,5/19/2026 8:00,,,,,0,,,
STOK_AWAL_BALIKPAPAN,2,23,19,124,73,Meter,,,,Stock awal migrasi,5/19/2026 8:00,7,,,,,,,,,,1,5/19/2026 8:00,,,,,0,,,
STOK_AWAL_BALIKPAPAN,2,23,19,125,9196,Pc(s),,,,Stock awal migrasi,5/19/2026 8:00,7,,,,,,,,,,1,5/19/2026 8:00,,,,,0,,,
STOK_AWAL_BALIKPAPAN,2,23,19,126,8000,Pc(s),,,,Stock awal migrasi,5/19/2026 8:00,7,,,,,,,,,,1,5/19/2026 8:00,,,,,0,,,
STOK_AWAL_BALIKPAPAN,2,23,19,130,10848,Pc(s),,,,Stock awal migrasi,5/19/2026 8:00,7,,,,,,,,,,1,5/19/2026 8:00,,,,,0,,,
STOK_AWAL_BALIKPAPAN,2,23,19,131,4136,Pc(s),,,,Stock awal migrasi,5/19/2026 8:00,7,,,,,,,,,,1,5/19/2026 8:00,,,,,0,,,
STOK_AWAL_BALIKPAPAN,2,23,19,132,3669,Pc(s),,,,Stock awal migrasi,5/19/2026 8:00,7,,,,,,,,,,1,5/19/2026 8:00,,,,,0,,,
STOK_AWAL_BALIKPAPAN,2,23,19,162,11,Unit,,,,Stock awal migrasi,5/19/2026 8:00,7,,,,,,,,,,1,5/19/2026 8:00,,,,,0,,,
STOK_AWAL_BALIKPAPAN,2,23,19,166,11,Unit,,,,Stock awal migrasi,5/19/2026 8:00,7,,,,,,,,,,1,5/19/2026 8:00,,,,,0,,,
STOK_AWAL_BALIKPAPAN,2,23,19,169,21,Unit,,,,Stock awal migrasi,5/19/2026 8:00,7,,,,,,,,,,1,5/19/2026 8:00,,,,,0,,,
STOK_AWAL_BALIKPAPAN,2,23,19,171,13,Unit,,,,Stock awal migrasi,5/19/2026 8:00,7,,,,,,,,,,1,5/19/2026 8:00,,,,,0,,,
STOK_AWAL_BALIKPAPAN,2,23,19,172,13,Unit,,,,Stock awal migrasi,5/19/2026 8:00,7,,,,,,,,,,1,5/19/2026 8:00,,,,,0,,,
STOK_AWAL_BALIKPAPAN,2,23,19,173,1,Unit,,,,Stock awal migrasi,5/19/2026 8:00,7,,,,,,,,,,1,5/19/2026 8:00,,,,,0,,,
STOK_AWAL_BALIKPAPAN,2,23,19,180,25,Unit,,,,Stock awal migrasi,5/19/2026 8:00,7,,,,,,,,,,1,5/19/2026 8:00,,,,,0,,,
STOK_AWAL_BALIKPAPAN,2,23,19,185,98,Unit,,,,Stock awal migrasi,5/19/2026 8:00,7,,,,,,,,,,1,5/19/2026 8:00,,,,,0,,,
STOK_AWAL_BALIKPAPAN,2,23,19,190,6,Unit,,,,Stock awal migrasi,5/19/2026 8:00,7,,,,,,,,,,1,5/19/2026 8:00,,,,,0,,,
STOK_AWAL_BALIKPAPAN,2,23,19,192,4,Unit,,,,Stock awal migrasi,5/19/2026 8:00,7,,,,,,,,,,1,5/19/2026 8:00,,,,,0,,,
STOK_AWAL_BALIKPAPAN,2,23,19,194,1,Unit,,,,Stock awal migrasi,5/19/2026 8:00,7,,,,,,,,,,1,5/19/2026 8:00,,,,,0,,,
STOK_AWAL_BALIKPAPAN,2,23,19,196,19,Unit,,,,Stock awal migrasi,5/19/2026 8:00,7,,,,,,,,,,1,5/19/2026 8:00,,,,,0,,,
STOK_AWAL_BALIKPAPAN,2,23,19,214,4,Pc(s),,,,Stock awal migrasi,5/19/2026 8:00,7,,,,,,,,,,1,5/19/2026 8:00,,,,,0,,,
STOK_AWAL_BALIKPAPAN,2,23,19,224,1,Pc(s),,,,Stock awal migrasi,5/19/2026 8:00,7,,,,,,,,,,1,5/19/2026 8:00,,,,,0,,,
STOK_AWAL_BALIKPAPAN,2,23,19,233,18,Pc(s),,,,Stock awal migrasi,5/19/2026 8:00,7,,,,,,,,,,1,5/19/2026 8:00,,,,,0,,,
STOK_AWAL_BALIKPAPAN,2,23,19,260,7,Pc(s),,,,Stock awal migrasi,5/19/2026 8:00,7,,,,,,,,,,1,5/19/2026 8:00,,,,,0,,,
STOK_AWAL_BALIKPAPAN,2,23,19,276,18,Pc(s),,,,Stock awal migrasi,5/19/2026 8:00,7,,,,,,,,,,1,5/19/2026 8:00,,,,,0,,,
STOK_AWAL_BALIKPAPAN,2,23,19,294,23,Unit,,,,Stock awal migrasi,5/19/2026 8:00,7,,,,,,,,,,1,5/19/2026 8:00,,,,,0,,,
STOK_AWAL_BALIKPAPAN,2,23,19,296,19,Unit,,,,Stock awal migrasi,5/19/2026 8:00,7,,,,,,,,,,1,5/19/2026 8:00,,,,,0,,,
STOK_AWAL_BALIKPAPAN,2,23,19,297,51,Unit,,,,Stock awal migrasi,5/19/2026 8:00,7,,,,,,,,,,1,5/19/2026 8:00,,,,,0,,,
STOK_AWAL_BALIKPAPAN,2,23,19,300,27,Unit,,,,Stock awal migrasi,5/19/2026 8:00,7,,,,,,,,,,1,5/19/2026 8:00,,,,,0,,,
STOK_AWAL_BANJARBARU,70,23,19,1,14,Batang,,,,Stock awal migrasi,5/19/2026 8:00,7,,,,,,,,,,1,5/19/2026 8:00,,,,,0,,,
STOK_AWAL_BANJARBARU,70,23,19,9,50,Batang,,,,Stock awal migrasi,5/19/2026 8:00,7,,,,,,,,,,1,5/19/2026 8:00,,,,,0,,,
STOK_AWAL_BANJARBARU,70,23,19,10,145,Batang,,,,Stock awal migrasi,5/19/2026 8:00,7,,,,,,,,,,1,5/19/2026 8:00,,,,,0,,,
STOK_AWAL_BANJARBARU,70,23,19,11,100,Batang,,,,Stock awal migrasi,5/19/2026 8:00,7,,,,,,,,,,1,5/19/2026 8:00,,,,,0,,,
STOK_AWAL_BANJARBARU,70,23,19,18,14,Batang,,,,Stock awal migrasi,5/19/2026 8:00,7,,,,,,,,,,1,5/19/2026 8:00,,,,,0,,,
STOK_AWAL_BANJARBARU,70,23,19,20,28,Batang,,,,Stock awal migrasi,5/19/2026 8:00,7,,,,,,,,,,1,5/19/2026 8:00,,,,,0,,,
STOK_AWAL_BANJARBARU,70,23,19,21,273,Batang,,,,Stock awal migrasi,5/19/2026 8:00,7,,,,,,,,,,1,5/19/2026 8:00,,,,,0,,,
STOK_AWAL_BANJARBARU,70,23,19,22,66,Batang,,,,Stock awal migrasi,5/19/2026 8:00,7,,,,,,,,,,1,5/19/2026 8:00,,,,,0,,,
STOK_AWAL_BANJARBARU,70,23,19,23,385,Batang,,,,Stock awal migrasi,5/19/2026 8:00,7,,,,,,,,,,1,5/19/2026 8:00,,,,,0,,,
STOK_AWAL_BANJARBARU,70,23,19,65,10310,Meter,,,,Stock awal migrasi,5/19/2026 8:00,7,,,,,,,,,,1,5/19/2026 8:00,,,,,0,,,
STOK_AWAL_BANJARBARU,70,23,19,67,13460,Meter,,,,Stock awal migrasi,5/19/2026 8:00,7,,,,,,,,,,1,5/19/2026 8:00,,,,,0,,,
STOK_AWAL_BANJARBARU,70,23,19,87,9000,Meter,,,,Stock awal migrasi,5/19/2026 8:00,7,,,,,,,,,,1,5/19/2026 8:00,,,,,0,,,
STOK_AWAL_BANJARBARU,70,23,19,88,235,Meter,,,,Stock awal migrasi,5/19/2026 8:00,7,,,,,,,,,,1,5/19/2026 8:00,,,,,0,,,
STOK_AWAL_BANJARBARU,70,23,19,91,15000,Meter,,,,Stock awal migrasi,5/19/2026 8:00,7,,,,,,,,,,1,5/19/2026 8:00,,,,,0,,,
STOK_AWAL_BANJARBARU,70,23,19,92,808,Meter,,,,Stock awal migrasi,5/19/2026 8:00,7,,,,,,,,,,1,5/19/2026 8:00,,,,,0,,,
STOK_AWAL_BANJARBARU,70,23,19,95,24000,Meter,,,,Stock awal migrasi,5/19/2026 8:00,7,,,,,,,,,,1,5/19/2026 8:00,,,,,0,,,
STOK_AWAL_BANJARBARU,70,23,19,96,3098,Meter,,,,Stock awal migrasi,5/19/2026 8:00,7,,,,,,,,,,1,5/19/2026 8:00,,,,,0,,,
STOK_AWAL_BANJARBARU,70,23,19,110,727,Pc(s),,,,Stock awal migrasi,5/19/2026 8:00,7,,,,,,,,,,1,5/19/2026 8:00,,,,,0,,,
STOK_AWAL_BANJARBARU,70,23,19,111,321,Pc(s),,,,Stock awal migrasi,5/19/2026 8:00,7,,,,,,,,,,1,5/19/2026 8:00,,,,,0,,,
STOK_AWAL_BANJARBARU,70,23,19,112,1027,Pc(s),,,,Stock awal migrasi,5/19/2026 8:00,7,,,,,,,,,,1,5/19/2026 8:00,,,,,0,,,
STOK_AWAL_BANJARBARU,70,23,19,114,136,Pc(s),,,,Stock awal migrasi,5/19/2026 8:00,7,,,,,,,,,,1,5/19/2026 8:00,,,,,0,,,
STOK_AWAL_BANJARBARU,70,23,19,117,215,Pc(s),,,,Stock awal migrasi,5/19/2026 8:00,7,,,,,,,,,,1,5/19/2026 8:00,,,,,0,,,
STOK_AWAL_BANJARBARU,70,23,19,119,12,Roll,,,,Stock awal migrasi,5/19/2026 8:00,7,,,,,,,,,,1,5/19/2026 8:00,,,,,0,,,
STOK_AWAL_BANJARBARU,70,23,19,120,573,Pc(s),,,,Stock awal migrasi,5/19/2026 8:00,7,,,,,,,,,,1,5/19/2026 8:00,,,,,0,,,
STOK_AWAL_BANJARBARU,70,23,19,122,525,Pc(s),,,,Stock awal migrasi,5/19/2026 8:00,7,,,,,,,,,,1,5/19/2026 8:00,,,,,0,,,
STOK_AWAL_BANJARBARU,70,23,19,123,7393,Meter,,,,Stock awal migrasi,5/19/2026 8:00,7,,,,,,,,,,1,5/19/2026 8:00,,,,,0,,,
STOK_AWAL_BANJARBARU,70,23,19,125,2000,Pc(s),,,,Stock awal migrasi,5/19/2026 8:00,7,,,,,,,,,,1,5/19/2026 8:00,,,,,0,,,
STOK_AWAL_BANJARBARU,70,23,19,126,1000,Pc(s),,,,Stock awal migrasi,5/19/2026 8:00,7,,,,,,,,,,1,5/19/2026 8:00,,,,,0,,,
STOK_AWAL_BANJARBARU,70,23,19,130,4658,Pc(s),,,,Stock awal migrasi,5/19/2026 8:00,7,,,,,,,,,,1,5/19/2026 8:00,,,,,0,,,
STOK_AWAL_BANJARBARU,70,23,19,132,155,Pc(s),,,,Stock awal migrasi,5/19/2026 8:00,7,,,,,,,,,,1,5/19/2026 8:00,,,,,0,,,
STOK_AWAL_BANJARBARU,70,23,19,179,4,Unit,,,,Stock awal migrasi,5/19/2026 8:00,7,,,,,,,,,,1,5/19/2026 8:00,,,,,0,,,
STOK_AWAL_BANJARBARU,70,23,19,180,1,Unit,,,,Stock awal migrasi,5/19/2026 8:00,7,,,,,,,,,,1,5/19/2026 8:00,,,,,0,,,
STOK_AWAL_BANJARBARU,70,23,19,182,2,Unit,,,,Stock awal migrasi,5/19/2026 8:00,7,,,,,,,,,,1,5/19/2026 8:00,,,,,0,,,
STOK_AWAL_BANJARBARU,70,23,19,189,42,Unit,,,,Stock awal migrasi,5/19/2026 8:00,7,,,,,,,,,,1,5/19/2026 8:00,,,,,0,,,
STOK_AWAL_BANJARBARU,70,23,19,207,100,Pc(s),,,,Stock awal migrasi,5/19/2026 8:00,7,,,,,,,,,,1,5/19/2026 8:00,,,,,0,,,
STOK_AWAL_BANJARBARU,70,23,19,294,227,Unit,,,,Stock awal migrasi,5/19/2026 8:00,7,,,,,,,,,,1,5/19/2026 8:00,,,,,0,,,
STOK_AWAL_BANJARBARU,70,23,19,296,29,Unit,,,,Stock awal migrasi,5/19/2026 8:00,7,,,,,,,,,,1,5/19/2026 8:00,,,,,0,,,
STOK_AWAL_BANJARBARU,70,23,19,297,12,Unit,,,,Stock awal migrasi,5/19/2026 8:00,7,,,,,,,,,,1,5/19/2026 8:00,,,,,0,,,
STOK_AWAL_BANJARBARU,70,23,19,311,19,Unit,,,,Stock awal migrasi,5/19/2026 8:00,7,,,,,,,,,,1,5/19/2026 8:00,,,,,0,,,
STOK_AWAL_PANGKALANBUN,71,23,19,20,496,Batang,,,,Stock awal migrasi,5/19/2026 8:00,7,,,,,,,,,,1,5/19/2026 8:00,,,,,0,,,
STOK_AWAL_PANGKALANBUN,71,23,19,21,6,Batang,,,,Stock awal migrasi,5/19/2026 8:00,7,,,,,,,,,,1,5/19/2026 8:00,,,,,0,,,
STOK_AWAL_PANGKALANBUN,71,23,19,22,126,Batang,,,,Stock awal migrasi,5/19/2026 8:00,7,,,,,,,,,,1,5/19/2026 8:00,,,,,0,,,
STOK_AWAL_PANGKALANBUN,71,23,19,23,549,Batang,,,,Stock awal migrasi,5/19/2026 8:00,7,,,,,,,,,,1,5/19/2026 8:00,,,,,0,,,
STOK_AWAL_PANGKALANBUN,71,23,19,88,1124,Meter,,,,Stock awal migrasi,5/19/2026 8:00,7,,,,,,,,,,1,5/19/2026 8:00,,,,,0,,,
STOK_AWAL_PANGKALANBUN,71,23,19,90,8095,Meter,,,,Stock awal migrasi,5/19/2026 8:00,7,,,,,,,,,,1,5/19/2026 8:00,,,,,0,,,
STOK_AWAL_PANGKALANBUN,71,23,19,92,19964,Meter,,,,Stock awal migrasi,5/19/2026 8:00,7,,,,,,,,,,1,5/19/2026 8:00,,,,,0,,,
STOK_AWAL_PANGKALANBUN,71,23,19,96,910,Meter,,,,Stock awal migrasi,5/19/2026 8:00,7,,,,,,,,,,1,5/19/2026 8:00,,,,,0,,,
STOK_AWAL_PANGKALANBUN,71,23,19,294,226,Unit,,,,Stock awal migrasi,5/19/2026 8:00,7,,,,,,,,,,1,5/19/2026 8:00,,,,,0,,,
STOK_AWAL_PANGKALANBUN,71,23,19,296,9,Unit,,,,Stock awal migrasi,5/19/2026 8:00,7,,,,,,,,,,1,5/19/2026 8:00,,,,,0,,,
STOK_AWAL_PANGKALANBUN,71,23,19,297,13,Unit,,,,Stock awal migrasi,5/19/2026 8:00,7,,,,,,,,,,1,5/19/2026 8:00,,,,,0,,,
STOK_AWAL_PONTIANAK,50,23,19,20,106,Batang,,,,Stock awal migrasi,5/19/2026 8:00,7,,,,,,,,,,1,5/19/2026 8:00,,,,,0,,,
STOK_AWAL_PONTIANAK,50,23,19,21,94,Batang,,,,Stock awal migrasi,5/19/2026 8:00,7,,,,,,,,,,1,5/19/2026 8:00,,,,,0,,,
STOK_AWAL_PONTIANAK,50,23,19,22,10,Batang,,,,Stock awal migrasi,5/19/2026 8:00,7,,,,,,,,,,1,5/19/2026 8:00,,,,,0,,,
STOK_AWAL_PONTIANAK,50,23,19,23,50,Batang,,,,Stock awal migrasi,5/19/2026 8:00,7,,,,,,,,,,1,5/19/2026 8:00,,,,,0,,,
STOK_AWAL_PONTIANAK,50,23,19,87,3000,Meter,,,,Stock awal migrasi,5/19/2026 8:00,7,,,,,,,,,,1,5/19/2026 8:00,,,,,0,,,
STOK_AWAL_PONTIANAK,50,23,19,88,8697,Meter,,,,Stock awal migrasi,5/19/2026 8:00,7,,,,,,,,,,1,5/19/2026 8:00,,,,,0,,,
STOK_AWAL_PONTIANAK,50,23,19,89,25045,Meter,,,,Stock awal migrasi,5/19/2026 8:00,7,,,,,,,,,,1,5/19/2026 8:00,,,,,0,,,
STOK_AWAL_PONTIANAK,50,23,19,91,8575,Meter,,,,Stock awal migrasi,5/19/2026 8:00,7,,,,,,,,,,1,5/19/2026 8:00,,,,,0,,,
STOK_AWAL_PONTIANAK,50,23,19,95,12000,Meter,,,,Stock awal migrasi,5/19/2026 8:00,7,,,,,,,,,,1,5/19/2026 8:00,,,,,0,,,
STOK_AWAL_PONTIANAK,50,23,19,294,82,Unit,,,,Stock awal migrasi,5/19/2026 8:00,7,,,,,,,,,,1,5/19/2026 8:00,,,,,0,,,
STOK_AWAL_PONTIANAK,50,23,19,296,11,Unit,,,,Stock awal migrasi,5/19/2026 8:00,7,,,,,,,,,,1,5/19/2026 8:00,,,,,0,,,
STOK_AWAL_PONTIANAK,50,23,19,297,4,Unit,,,,Stock awal migrasi,5/19/2026 8:00,7,,,,,,,,,,1,5/19/2026 8:00,,,,,0,,,
STOK_AWAL_SAMARINDA,24,23,19,20,187,Batang,,,,Stock awal migrasi,5/19/2026 8:00,7,,,,,,,,,,1,5/19/2026 8:00,,,,,0,,,
STOK_AWAL_SAMARINDA,24,23,19,21,287,Batang,,,,Stock awal migrasi,5/19/2026 8:00,7,,,,,,,,,,1,5/19/2026 8:00,,,,,0,,,
STOK_AWAL_SAMARINDA,24,23,19,22,37,Batang,,,,Stock awal migrasi,5/19/2026 8:00,7,,,,,,,,,,1,5/19/2026 8:00,,,,,0,,,
STOK_AWAL_SAMARINDA,24,23,19,23,123,Batang,,,,Stock awal migrasi,5/19/2026 8:00,7,,,,,,,,,,1,5/19/2026 8:00,,,,,0,,,
STOK_AWAL_SAMARINDA,24,23,19,88,3450,Meter,,,,Stock awal migrasi,5/19/2026 8:00,7,,,,,,,,,,1,5/19/2026 8:00,,,,,0,,,
STOK_AWAL_SAMARINDA,24,23,19,90,5240,Meter,,,,Stock awal migrasi,5/19/2026 8:00,7,,,,,,,,,,1,5/19/2026 8:00,,,,,0,,,
STOK_AWAL_SAMARINDA,24,23,19,92,18700,Meter,,,,Stock awal migrasi,5/19/2026 8:00,7,,,,,,,,,,1,5/19/2026 8:00,,,,,0,,,
STOK_AWAL_SAMARINDA,24,23,19,96,17215,Meter,,,,Stock awal migrasi,5/19/2026 8:00,7,,,,,,,,,,1,5/19/2026 8:00,,,,,0,,,
STOK_AWAL_SAMARINDA,24,23,19,108,269,Meter,,,,Stock awal migrasi,5/19/2026 8:00,7,,,,,,,,,,1,5/19/2026 8:00,,,,,0,,,
STOK_AWAL_SAMARINDA,24,23,19,294,109,Unit,,,,Stock awal migrasi,5/19/2026 8:00,7,,,,,,,,,,1,5/19/2026 8:00,,,,,0,,,
STOK_AWAL_SAMARINDA,24,23,19,296,3,Unit,,,,Stock awal migrasi,5/19/2026 8:00,7,,,,,,,,,,1,5/19/2026 8:00,,,,,0,,,
STOK_AWAL_SAMARINDA,24,23,19,297,7,Unit,,,,Stock awal migrasi,5/19/2026 8:00,7,,,,,,,,,,1,5/19/2026 8:00,,,,,0,,,
STOK_AWAL_SINGKAWANG,72,23,19,29,1900,Meter,,,,Stock awal migrasi,5/19/2026 8:00,7,,,,,,,,,,1,5/19/2026 8:00,,,,,0,,,
STOK_AWAL_SINGKAWANG,72,23,19,30,179,Meter,,,,Stock awal migrasi,5/19/2026 8:00,7,,,,,,,,,,1,5/19/2026 8:00,,,,,0,,,
STOK_AWAL_SINGKAWANG,72,23,19,31,5750,Meter,,,,Stock awal migrasi,5/19/2026 8:00,7,,,,,,,,,,1,5/19/2026 8:00,,,,,0,,,
STOK_AWAL_SINGKAWANG,72,23,19,32,2165,Meter,,,,Stock awal migrasi,5/19/2026 8:00,7,,,,,,,,,,1,5/19/2026 8:00,,,,,0,,,
STOK_AWAL_SINGKAWANG,72,23,19,113,925,Pc(s),,,,Stock awal migrasi,5/19/2026 8:00,7,,,,,,,,,,1,5/19/2026 8:00,,,,,0,,,
STOK_AWAL_SINGKAWANG,72,23,19,117,253,Pc(s),,,,Stock awal migrasi,5/19/2026 8:00,7,,,,,,,,,,1,5/19/2026 8:00,,,,,0,,,
STOK_AWAL_SINGKAWANG,72,23,19,125,4476,Pc(s),,,,Stock awal migrasi,5/19/2026 8:00,7,,,,,,,,,,1,5/19/2026 8:00,,,,,0,,,
STOK_AWAL_SINGKAWANG,72,23,19,132,104,Pc(s),,,,Stock awal migrasi,5/19/2026 8:00,7,,,,,,,,,,1,5/19/2026 8:00,,,,,0,,,
STOK_AWAL_SINGKAWANG,72,23,19,185,5,Unit,,,,Stock awal migrasi,5/19/2026 8:00,7,,,,,,,,,,1,5/19/2026 8:00,,,,,0,,,
STOK_AWAL_SINGKAWANG,72,23,19,190,3,Unit,,,,Stock awal migrasi,5/19/2026 8:00,7,,,,,,,,,,1,5/19/2026 8:00,,,,,0,,,
STOK_AWAL_BITUNG,20,23,19,20,287,Batang,,,,Stock awal migrasi,5/19/2026 8:00,7,,,,,,,,,,1,5/19/2026 8:00,,,,,0,,,
STOK_AWAL_BITUNG,21,23,19,21,389,Batang,,,,Stock awal migrasi,5/19/2026 8:00,7,,,,,,,,,,1,5/19/2026 8:00,,,,,0,,,
STOK_AWAL_BITUNG,22,23,19,22,93,Batang,,,,Stock awal migrasi,5/19/2026 8:00,7,,,,,,,,,,1,5/19/2026 8:00,,,,,0,,,
STOK_AWAL_BITUNG,23,23,19,23,282,Batang,,,,Stock awal migrasi,5/19/2026 8:00,7,,,,,,,,,,1,5/19/2026 8:00,,,,,0,,,
STOK_AWAL_BITUNG,87,23,19,87,15000,Meter,,,,Stock awal migrasi,5/19/2026 8:00,7,,,,,,,,,,1,5/19/2026 8:00,,,,,0,,,
STOK_AWAL_BITUNG,89,23,19,89,9000,Meter,,,,Stock awal migrasi,5/19/2026 8:00,7,,,,,,,,,,1,5/19/2026 8:00,,,,,0,,,
STOK_AWAL_BITUNG,91,23,19,91,12000,Meter,,,,Stock awal migrasi,5/19/2026 8:00,7,,,,,,,,,,1,5/19/2026 8:00,,,,,0,,,
STOK_AWAL_BITUNG,93,23,19,93,6000,Meter,,,,Stock awal migrasi,5/19/2026 8:00,7,,,,,,,,,,1,5/19/2026 8:00,,,,,0,,,
STOK_AWAL_BITUNG,95,23,19,95,3000,Meter,,,,Stock awal migrasi,5/19/2026 8:00,7,,,,,,,,,,1,5/19/2026 8:00,,,,,0,,,
STOK_AWAL_BITUNG,294,23,19,294,150,Unit,,,,Stock awal migrasi,5/19/2026 8:00,7,,,,,,,,,,1,5/19/2026 8:00,,,,,0,,,
STOK_AWAL_BITUNG,296,23,19,296,5,Unit,,,,Stock awal migrasi,5/19/2026 8:00,7,,,,,,,,,,1,5/19/2026 8:00,,,,,0,,,
STOK_AWAL_BITUNG,297,23,19,297,5,Unit,,,,Stock awal migrasi,5/19/2026 8:00,7,,,,,,,,,,1,5/19/2026 8:00,,,,,0,,,
STOK_AWAL_BONE,20,23,19,20,159,Batang,,,,Stock awal migrasi,5/19/2026 8:00,7,,,,,,,,,,1,5/19/2026 8:00,,,,,0,,,
STOK_AWAL_BONE,21,23,19,21,299,Batang,,,,Stock awal migrasi,5/19/2026 8:00,7,,,,,,,,,,1,5/19/2026 8:00,,,,,0,,,
STOK_AWAL_BONE,23,23,19,23,450,Batang,,,,Stock awal migrasi,5/19/2026 8:00,7,,,,,,,,,,1,5/19/2026 8:00,,,,,0,,,
STOK_AWAL_BONE,87,23,19,87,27800,Meter,,,,Stock awal migrasi,5/19/2026 8:00,7,,,,,,,,,,1,5/19/2026 8:00,,,,,0,,,
STOK_AWAL_BONE,89,23,19,89,16500,Meter,,,,Stock awal migrasi,5/19/2026 8:00,7,,,,,,,,,,1,5/19/2026 8:00,,,,,0,,,
STOK_AWAL_BONE,91,23,19,91,24000,Meter,,,,Stock awal migrasi,5/19/2026 8:00,7,,,,,,,,,,1,5/19/2026 8:00,,,,,0,,,
STOK_AWAL_BONE,95,23,19,95,6000,Meter,,,,Stock awal migrasi,5/19/2026 8:00,7,,,,,,,,,,1,5/19/2026 8:00,,,,,0,,,
STOK_AWAL_BONE,294,23,19,294,181,Unit,,,,Stock awal migrasi,5/19/2026 8:00,7,,,,,,,,,,1,5/19/2026 8:00,,,,,0,,,
STOK_AWAL_BONE,296,23,19,296,29,Unit,,,,Stock awal migrasi,5/19/2026 8:00,7,,,,,,,,,,1,5/19/2026 8:00,,,,,0,,,
STOK_AWAL_BONE,297,23,19,297,6,Unit,,,,Stock awal migrasi,5/19/2026 8:00,7,,,,,,,,,,1,5/19/2026 8:00,,,,,0,,,
STOK_AWAL_GORONTALO,20,23,19,20,9,Batang,,,,Stock awal migrasi,5/19/2026 8:00,7,,,,,,,,,,1,5/19/2026 8:00,,,,,0,,,
STOK_AWAL_GORONTALO,21,23,19,21,183,Batang,,,,Stock awal migrasi,5/19/2026 8:00,7,,,,,,,,,,1,5/19/2026 8:00,,,,,0,,,
STOK_AWAL_GORONTALO,22,23,19,22,50,Batang,,,,Stock awal migrasi,5/19/2026 8:00,7,,,,,,,,,,1,5/19/2026 8:00,,,,,0,,,
STOK_AWAL_GORONTALO,23,23,19,23,90,Batang,,,,Stock awal migrasi,5/19/2026 8:00,7,,,,,,,,,,1,5/19/2026 8:00,,,,,0,,,
STOK_AWAL_GORONTALO,88,23,19,88,2528,Meter,,,,Stock awal migrasi,5/19/2026 8:00,7,,,,,,,,,,1,5/19/2026 8:00,,,,,0,,,
STOK_AWAL_GORONTALO,90,23,19,90,10693,Meter,,,,Stock awal migrasi,5/19/2026 8:00,7,,,,,,,,,,1,5/19/2026 8:00,,,,,0,,,
STOK_AWAL_GORONTALO,92,23,19,92,6510,Meter,,,,Stock awal migrasi,5/19/2026 8:00,7,,,,,,,,,,1,5/19/2026 8:00,,,,,0,,,
STOK_AWAL_GORONTALO,95,23,19,95,33000,Meter,,,,Stock awal migrasi,5/19/2026 8:00,7,,,,,,,,,,1,5/19/2026 8:00,,,,,0,,,
STOK_AWAL_GORONTALO,96,23,19,96,2940,Meter,,,,Stock awal migrasi,5/19/2026 8:00,7,,,,,,,,,,1,5/19/2026 8:00,,,,,0,,,
STOK_AWAL_GORONTALO,294,23,19,294,102,Unit,,,,Stock awal migrasi,5/19/2026 8:00,7,,,,,,,,,,1,5/19/2026 8:00,,,,,0,,,
STOK_AWAL_GORONTALO,296,23,19,296,4,Unit,,,,Stock awal migrasi,5/19/2026 8:00,7,,,,,,,,,,1,5/19/2026 8:00,,,,,0,,,
STOK_AWAL_GORONTALO,297,23,19,297,5,Unit,,,,Stock awal migrasi,5/19/2026 8:00,7,,,,,,,,,,1,5/19/2026 8:00,,,,,0,,,
STOK_AWAL_KOTAMOBAGU,20,23,19,20,300,Batang,,,,Stock awal migrasi,5/19/2026 8:00,7,,,,,,,,,,1,5/19/2026 8:00,,,,,0,,,
STOK_AWAL_KOTAMOBAGU,21,23,19,21,300,Batang,,,,Stock awal migrasi,5/19/2026 8:00,7,,,,,,,,,,1,5/19/2026 8:00,,,,,0,,,
STOK_AWAL_KOTAMOBAGU,22,23,19,22,100,Batang,,,,Stock awal migrasi,5/19/2026 8:00,7,,,,,,,,,,1,5/19/2026 8:00,,,,,0,,,
STOK_AWAL_KOTAMOBAGU,23,23,19,23,300,Batang,,,,Stock awal migrasi,5/19/2026 8:00,7,,,,,,,,,,1,5/19/2026 8:00,,,,,0,,,
STOK_AWAL_KOTAMOBAGU,87,23,19,87,15000,Meter,,,,Stock awal migrasi,5/19/2026 8:00,7,,,,,,,,,,1,5/19/2026 8:00,,,,,0,,,
STOK_AWAL_KOTAMOBAGU,89,23,19,89,12000,Meter,,,,Stock awal migrasi,5/19/2026 8:00,7,,,,,,,,,,1,5/19/2026 8:00,,,,,0,,,
STOK_AWAL_KOTAMOBAGU,91,23,19,91,12000,Meter,,,,Stock awal migrasi,5/19/2026 8:00,7,,,,,,,,,,1,5/19/2026 8:00,,,,,0,,,
STOK_AWAL_KOTAMOBAGU,96,23,19,96,2118,Meter,,,,Stock awal migrasi,5/19/2026 8:00,7,,,,,,,,,,1,5/19/2026 8:00,,,,,0,,,
STOK_AWAL_KOTAMOBAGU,294,23,19,294,300,Unit,,,,Stock awal migrasi,5/19/2026 8:00,7,,,,,,,,,,1,5/19/2026 8:00,,,,,0,,,
STOK_AWAL_KOTAMOBAGU,296,23,19,296,10,Unit,,,,Stock awal migrasi,5/19/2026 8:00,7,,,,,,,,,,1,5/19/2026 8:00,,,,,0,,,
STOK_AWAL_KOTAMOBAGU,297,23,19,297,15,Unit,,,,Stock awal migrasi,5/19/2026 8:00,7,,,,,,,,,,1,5/19/2026 8:00,,,,,0,,,
STOK_AWAL_MAKASSAR,3,23,19,3,37,Batang,,,,Stock awal migrasi,5/19/2026 8:00,7,,,,,,,,,,1,5/19/2026 8:00,,,,,0,,,
STOK_AWAL_MAKASSAR,7,23,19,7,55,Batang,,,,Stock awal migrasi,5/19/2026 8:00,7,,,,,,,,,,1,5/19/2026 8:00,,,,,0,,,
STOK_AWAL_MAKASSAR,18,23,19,18,1,Batang,,,,Stock awal migrasi,5/19/2026 8:00,7,,,,,,,,,,1,5/19/2026 8:00,,,,,0,,,
STOK_AWAL_MAKASSAR,19,23,19,19,14,Batang,,,,Stock awal migrasi,5/19/2026 8:00,7,,,,,,,,,,1,5/19/2026 8:00,,,,,0,,,
STOK_AWAL_MAKASSAR,20,23,19,20,5,Batang,,,,Stock awal migrasi,5/19/2026 8:00,7,,,,,,,,,,1,5/19/2026 8:00,,,,,0,,,
STOK_AWAL_MAKASSAR,21,23,19,21,13,Batang,,,,Stock awal migrasi,5/19/2026 8:00,7,,,,,,,,,,1,5/19/2026 8:00,,,,,0,,,
STOK_AWAL_MAKASSAR,22,23,19,22,59,Batang,,,,Stock awal migrasi,5/19/2026 8:00,7,,,,,,,,,,1,5/19/2026 8:00,,,,,0,,,
STOK_AWAL_MAKASSAR,23,23,19,23,100,Batang,,,,Stock awal migrasi,5/19/2026 8:00,7,,,,,,,,,,1,5/19/2026 8:00,,,,,0,,,
STOK_AWAL_MAKASSAR,87,23,19,87,3000,Meter,,,,Stock awal migrasi,5/19/2026 8:00,7,,,,,,,,,,1,5/19/2026 8:00,,,,,0,,,
STOK_AWAL_MAKASSAR,88,23,19,88,5786,Meter,,,,Stock awal migrasi,5/19/2026 8:00,7,,,,,,,,,,1,5/19/2026 8:00,,,,,0,,,
STOK_AWAL_MAKASSAR,90,23,19,90,12663,Meter,,,,Stock awal migrasi,5/19/2026 8:00,7,,,,,,,,,,1,5/19/2026 8:00,,,,,0,,,
STOK_AWAL_MAKASSAR,91,23,19,91,18000,Meter,,,,Stock awal migrasi,5/19/2026 8:00,7,,,,,,,,,,1,5/19/2026 8:00,,,,,0,,,
STOK_AWAL_MAKASSAR,92,23,19,92,2650,Meter,,,,Stock awal migrasi,5/19/2026 8:00,7,,,,,,,,,,1,5/19/2026 8:00,,,,,0,,,
STOK_AWAL_MAKASSAR,94,23,19,94,4353,Meter,,,,Stock awal migrasi,5/19/2026 8:00,7,,,,,,,,,,1,5/19/2026 8:00,,,,,0,,,
STOK_AWAL_MAKASSAR,96,23,19,96,3891,Meter,,,,Stock awal migrasi,5/19/2026 8:00,7,,,,,,,,,,1,5/19/2026 8:00,,,,,0,,,
STOK_AWAL_MAKASSAR,102,23,19,102,358,Meter,,,,Stock awal migrasi,5/19/2026 8:00,7,,,,,,,,,,1,5/19/2026 8:00,,,,,0,,,
STOK_AWAL_MAKASSAR,107,23,19,107,348,Meter,,,,Stock awal migrasi,5/19/2026 8:00,7,,,,,,,,,,1,5/19/2026 8:00,,,,,0,,,
STOK_AWAL_MAKASSAR,108,23,19,108,140,Meter,,,,Stock awal migrasi,5/19/2026 8:00,7,,,,,,,,,,1,5/19/2026 8:00,,,,,0,,,
STOK_AWAL_MAKASSAR,110,23,19,110,1977,Pc(s),,,,Stock awal migrasi,5/19/2026 8:00,7,,,,,,,,,,1,5/19/2026 8:00,,,,,0,,,
STOK_AWAL_MAKASSAR,114,23,19,114,24,Pc(s),,,,Stock awal migrasi,5/19/2026 8:00,7,,,,,,,,,,1,5/19/2026 8:00,,,,,0,,,
STOK_AWAL_MAKASSAR,117,23,19,117,520,Pc(s),,,,Stock awal migrasi,5/19/2026 8:00,7,,,,,,,,,,1,5/19/2026 8:00,,,,,0,,,
STOK_AWAL_MAKASSAR,119,23,19,119,4,Roll,,,,Stock awal migrasi,5/19/2026 8:00,7,,,,,,,,,,1,5/19/2026 8:00,,,,,0,,,
STOK_AWAL_MAKASSAR,122,23,19,122,108,Pc(s),,,,Stock awal migrasi,5/19/2026 8:00,7,,,,,,,,,,1,5/19/2026 8:00,,,,,0,,,
STOK_AWAL_MAKASSAR,123,23,19,123,4000,Meter,,,,Stock awal migrasi,5/19/2026 8:00,7,,,,,,,,,,1,5/19/2026 8:00,,,,,0,,,
STOK_AWAL_MAKASSAR,125,23,19,125,546,Pc(s),,,,Stock awal migrasi,5/19/2026 8:00,7,,,,,,,,,,1,5/19/2026 8:00,,,,,0,,,
STOK_AWAL_MAKASSAR,126,23,19,126,5626,Pc(s),,,,Stock awal migrasi,5/19/2026 8:00,7,,,,,,,,,,1,5/19/2026 8:00,,,,,0,,,
STOK_AWAL_MAKASSAR,130,23,19,130,96,Pc(s),,,,Stock awal migrasi,5/19/2026 8:00,7,,,,,,,,,,1,5/19/2026 8:00,,,,,0,,,
STOK_AWAL_MAKASSAR,131,23,19,131,134,Pc(s),,,,Stock awal migrasi,5/19/2026 8:00,7,,,,,,,,,,1,5/19/2026 8:00,,,,,0,,,
STOK_AWAL_MAKASSAR,145,23,19,145,70,Pc(s),,,,Stock awal migrasi,5/19/2026 8:00,7,,,,,,,,,,1,5/19/2026 8:00,,,,,0,,,
STOK_AWAL_MAKASSAR,146,23,19,146,929,Pc(s),,,,Stock awal migrasi,5/19/2026 8:00,7,,,,,,,,,,1,5/19/2026 8:00,,,,,0,,,
STOK_AWAL_MAKASSAR,147,23,19,147,1100,Pc(s),,,,Stock awal migrasi,5/19/2026 8:00,7,,,,,,,,,,1,5/19/2026 8:00,,,,,0,,,
STOK_AWAL_MAKASSAR,148,23,19,148,380,Pc(s),,,,Stock awal migrasi,5/19/2026 8:00,7,,,,,,,,,,1,5/19/2026 8:00,,,,,0,,,
STOK_AWAL_MAKASSAR,152,23,19,152,43,Pc(s),,,,Stock awal migrasi,5/19/2026 8:00,7,,,,,,,,,,1,5/19/2026 8:00,,,,,0,,,
STOK_AWAL_MAKASSAR,155,23,19,155,17,Pc(s),,,,Stock awal migrasi,5/19/2026 8:00,7,,,,,,,,,,1,5/19/2026 8:00,,,,,0,,,
STOK_AWAL_MAKASSAR,165,23,19,165,2,Unit,,,,Stock awal migrasi,5/19/2026 8:00,7,,,,,,,,,,1,5/19/2026 8:00,,,,,0,,,
STOK_AWAL_MAKASSAR,166,23,19,166,1,Unit,,,,Stock awal migrasi,5/19/2026 8:00,7,,,,,,,,,,1,5/19/2026 8:00,,,,,0,,,
STOK_AWAL_MAKASSAR,172,23,19,172,2,Unit,,,,Stock awal migrasi,5/19/2026 8:00,7,,,,,,,,,,1,5/19/2026 8:00,,,,,0,,,
STOK_AWAL_MAKASSAR,173,23,19,173,2,Unit,,,,Stock awal migrasi,5/19/2026 8:00,7,,,,,,,,,,1,5/19/2026 8:00,,,,,0,,,
STOK_AWAL_MAKASSAR,179,23,19,179,8,Unit,,,,Stock awal migrasi,5/19/2026 8:00,7,,,,,,,,,,1,5/19/2026 8:00,,,,,0,,,
STOK_AWAL_MAKASSAR,189,23,19,189,3,Unit,,,,Stock awal migrasi,5/19/2026 8:00,7,,,,,,,,,,1,5/19/2026 8:00,,,,,0,,,
STOK_AWAL_MAKASSAR,196,23,19,196,38,Unit,,,,Stock awal migrasi,5/19/2026 8:00,7,,,,,,,,,,1,5/19/2026 8:00,,,,,0,,,
STOK_AWAL_MAKASSAR,209,23,19,209,20,Pc(s),,,,Stock awal migrasi,5/19/2026 8:00,7,,,,,,,,,,1,5/19/2026 8:00,,,,,0,,,
STOK_AWAL_MAKASSAR,270,23,19,270,97,Pc(s),,,,Stock awal migrasi,5/19/2026 8:00,7,,,,,,,,,,1,5/19/2026 8:00,,,,,0,,,
STOK_AWAL_MAKASSAR,272,23,19,272,22,Pc(s),,,,Stock awal migrasi,5/19/2026 8:00,7,,,,,,,,,,1,5/19/2026 8:00,,,,,0,,,
STOK_AWAL_MAKASSAR,276,23,19,276,17,Pc(s),,,,Stock awal migrasi,5/19/2026 8:00,7,,,,,,,,,,1,5/19/2026 8:00,,,,,0,,,
STOK_AWAL_MAKASSAR,294,23,19,294,318,Unit,,,,Stock awal migrasi,5/19/2026 8:00,7,,,,,,,,,,1,5/19/2026 8:00,,,,,0,,,
STOK_AWAL_MAKASSAR,296,23,19,296,77,Unit,,,,Stock awal migrasi,5/19/2026 8:00,7,,,,,,,,,,1,5/19/2026 8:00,,,,,0,,,
STOK_AWAL_MAKASSAR,297,23,19,297,10,Unit,,,,Stock awal migrasi,5/19/2026 8:00,7,,,,,,,,,,1,5/19/2026 8:00,,,,,0,,,
STOK_AWAL_MAKASSAR,300,23,19,300,2,Unit,,,,Stock awal migrasi,5/19/2026 8:00,7,,,,,,,,,,1,5/19/2026 8:00,,,,,0,,,
STOK_AWAL_MAKASSAR,301,23,19,301,2,Unit,,,,Stock awal migrasi,5/19/2026 8:00,7,,,,,,,,,,1,5/19/2026 8:00,,,,,0,,,
STOK_AWAL_MANADO,20,23,19,20,534,Batang,,,,Stock awal migrasi,5/19/2026 8:00,7,,,,,,,,,,1,5/19/2026 8:00,,,,,0,,,
STOK_AWAL_MANADO,21,23,19,21,175,Batang,,,,Stock awal migrasi,5/19/2026 8:00,7,,,,,,,,,,1,5/19/2026 8:00,,,,,0,,,
STOK_AWAL_MANADO,22,23,19,22,54,Batang,,,,Stock awal migrasi,5/19/2026 8:00,7,,,,,,,,,,1,5/19/2026 8:00,,,,,0,,,
STOK_AWAL_MANADO,23,23,19,23,300,Batang,,,,Stock awal migrasi,5/19/2026 8:00,7,,,,,,,,,,1,5/19/2026 8:00,,,,,0,,,
STOK_AWAL_MANADO,88,23,19,88,14376,Meter,,,,Stock awal migrasi,5/19/2026 8:00,7,,,,,,,,,,1,5/19/2026 8:00,,,,,0,,,
STOK_AWAL_MANADO,90,23,19,90,15002,Meter,,,,Stock awal migrasi,5/19/2026 8:00,7,,,,,,,,,,1,5/19/2026 8:00,,,,,0,,,
STOK_AWAL_MANADO,92,23,19,92,14154,Meter,,,,Stock awal migrasi,5/19/2026 8:00,7,,,,,,,,,,1,5/19/2026 8:00,,,,,0,,,
STOK_AWAL_MANADO,93,23,19,93,3000,Meter,,,,Stock awal migrasi,5/19/2026 8:00,7,,,,,,,,,,1,5/19/2026 8:00,,,,,0,,,
STOK_AWAL_MANADO,96,23,19,96,2118,Meter,,,,Stock awal migrasi,5/19/2026 8:00,7,,,,,,,,,,1,5/19/2026 8:00,,,,,0,,,
STOK_AWAL_MANADO,294,23,19,294,417,Unit,,,,Stock awal migrasi,5/19/2026 8:00,7,,,,,,,,,,1,5/19/2026 8:00,,,,,0,,,
STOK_AWAL_MANADO,296,23,19,296,9,Unit,,,,Stock awal migrasi,5/19/2026 8:00,7,,,,,,,,,,1,5/19/2026 8:00,,,,,0,,,
