id_kode_item,kategori_item,designator,nama_item,satuan_item,project_item,id_bowheer_pemilik_item,harga_penjualan
1,TIANG,A-TG-TFO-001,Tiang 7 Mtr,Batang,Telkom,23,
2,TIANG,A-TG-TFO-010,Tiang 7 Mtr Iforte,Batang,iForte,23,
3,TIANG,A-TG-TFO-002,Tiang 7 Mtr 2 Segment,Batang,Telkom,23,
4,TIANG,A-TG-TFO-011,Tiang 7 Mtr 2 Segment iForte,Batang,iForte,23,
5,TIANG,A-TG-TFO-003,Tiang 7 Mtr 3 Segment,Batang,Telkom,23,
6,TIANG,A-TG-TFO-012,Tiang 7 Mtr 3 Segment iForte,Batang, iForte,23,
7,TIANG,A-TG-TFO-004,Tiang 9 Mtr,Batang,Telkom,23,
8,TIANG,A-TG-TFO-013,Tiang 9 Mtr iForte,Batang, iForte,23,
9,TIANG,A-TG-TFO-005,TIang 6 Mtr,Batang,Fiberstar,23,
10,TIANG,A-TG-TFO-006,"Tiang 7 Mtr 3""",Batang,Fiberstar,23,
11,TIANG,A-TG-TFO-007,"Tiang 7 Mtr 4""",Batang,Fiberstar,23,
12,TIANG,A-TG-TFO-008,"Tiang 9 Mtr 4""",Batang,Fiberstar,23,
13,TIANG,A-TG-TFO-009,"Tiang 7 Mtr 2,5"" AS",Batang,Asia Net,23,
14,TIANG,A-TG-GVS-001,Pipa Galvanis 2 Inch,Batang,Telkom,23,
15,TIANG,A-TG-GVS-002,Pipa Galvanis 4 Inch,Batang,Telkom,23,
16,TIANG,B-TG-TFO-001,Pipa Galvanis 4 Inch,Batang,iForte,10,
17,TIANG,B-TG-TFO-002,Tiang 6 Mtr,Batang,iForte,10,
18,TIANG,B-TG-TFO-003,Tiang 7 Mtr,Batang,iForte,10,
19,TIANG,B-TG-TFO-004,Tiang 9 Mtr,Batang,iForte,10,
20,TIANG,C-TG-TFO-001,"Tiang 7 Mtr 3""",Batang,My Repubilc,11,
21,TIANG,C-TG-TFO-002,"Tiang 7 Mtr 4""",Batang,My Repubilc,11,
22,TIANG,C-TG-TFO-003,Tiang 9 Mtr,Batang,My Repubilc,11,
23,TIANG,C-TG-TFO-004,"Tiang 7 Mtr 2,5""",Batang,My Repubilc,11,
24,TIANG,B-TG-TFO-005,Tiang 9 Mtr,Meter,Moratel,23,
25,KABEL,A-KL-ARL-001-H,FO Aerial 12/12 SCPT Haspel,Meter,Telkom,23,
26,KABEL,A-KL-ARL-001-P,FO Aerial 12/12 SCPT Potongan,Meter,Telkom,23,
27,KABEL,A-KL-ARL-002-H,FO Aerial 24/24 SCPT Haspel,Meter,Telkom,23,
28,KABEL,A-KL-ARL-002-P,FO Aerial 24/24 SCPT Potongan,Meter,Telkom,23,
29,KABEL,A-KL-ARL-003-H,FO Aerial 12/2 Haspel,Meter,Telkom,23,
30,KABEL,A-KL-ARL-003-P,FO Aerial 12/2 Potongan,Meter,Telkom,23,
31,KABEL,A-KL-ARL-004-H,FO Aerial 24/4 Haspel,Meter,Telkom,23,
32,KABEL,A-KL-ARL-004-P,FO Aerial 24/4 Potongan,Meter,Telkom,23,
33,KABEL,A-KL-ARL-005-H,FO Aerial 48/4 Haspel,Meter,Telkom,23,
34,KABEL,A-KL-ARL-005-P,FO Aerial 48/4 Potongan,Meter,Telkom,23,
35,KABEL,A-KL-ARL-006-H,FO Aerial 72/6 Haspel,Meter,Telkom,23,
36,KABEL,A-KL-ARL-006-P,FO Aerial 72/6 Potongan,Meter,Telkom,23,
37,KABEL,A-KL-ARL-007-H,FO Aerial 96/8 Haspel,Meter,Telkom,23,
38,KABEL,A-KL-ARL-007-P,FO Aerial 96/8 Potongan,Meter,Telkom,23,
39,KABEL,A-KL-ARL-008-P,FO Aerial 144/122 Potongan,Meter,Asia Net,23,
40,KABEL,A-KL-DCT-001-H,FO Duct 12/2 Haspel,Meter,Telkom,23,
41,KABEL,A-KL-DCT-001-P,FO Duct 12/2 Potongan,Meter,Telkom,23,
42,KABEL,A-KL-DCT-002-H,FO Duct 24/4 Haspel,Meter,Telkom,23,
43,KABEL,A-KL-DCT-002-P,FO Duct 24/4 Potongan,Meter,Telkom,23,
44,KABEL,A-KL-DCT-003-H,FO Duct 48/4 Haspel,Meter,Telkom,23,
45,KABEL,A-KL-DCT-003-P,FO Duct 48/4 Potongan,Meter,Telkom,23,
46,KABEL,A-KL-DCT-004-H,FO Duct 72/6 Haspel,Meter,Telkom,23,
47,KABEL,A-KL-DCT-004-P,FO Duct 72/6 Potongan,Meter,Telkom,23,
48,KABEL,A-KL-DCT-005-H,FO Duct 96/8 Haspel,Meter,Telkom,23,
49,KABEL,A-KL-DCT-005-P,FO Duct 96/8 Potongan,Meter,Telkom,23,
50,KABEL,A-KL-DCT-006-H,FO Duct 144/12 Haspel,Meter,Telkom,23,
51,KABEL,A-KL-DCT-006-P,FO Duct 144/12 Potongan,Meter,Telkom,23,
52,KABEL,A-KL-DCT-007-H,FO Duct 288/24 Haspel,Meter,Telkom,23,
53,KABEL,A-KL-DCT-007-P,FO Duct 288/24 Potongan,Meter,Telkom,23,
54,KABEL,A-KL-DCT-008-H,FO Duct 12/2 G-655 C Haspel,Meter,Telkom,23,
55,KABEL,A-KL-DCT-008-P,FO Duct 12/2 G-655 C Potongan,Meter,Telkom,23,
56,KABEL,A-KL-DCT-009-H,FO Duct 24/4 G-655 C Haspel,Meter,Telkom,23,
57,KABEL,A-KL-DCT-009-P,FO Duct 24/4 G-655 C Potongan,Meter,Telkom,23,
58,KABEL,A-KL-DCT-010-H,FO Duct 48/4 G-655 C Haspel,Meter,Telkom,23,
59,KABEL,A-KL-DCT-010-P,FO Duct 48/4 G-655 C Potongan,Meter,Telkom,23,
60,KABEL,A-KL-DCT-011-H,FO Duct 96/8 G-655 C Haspel,Meter,Telkom,23,
61,KABEL,A-KL-DCT-011-P,FO Duct 96/8 G-655 C Potongan,Meter,Telkom,23,
62,KABEL,A-KL-ADS-001-H,FO ADSS 12 Haspel,Meter,Telkom,23,
63,KABEL,A-KL-ADS-001-P,FO ADSS 12 Potongan,Meter,Telkom,23,
64,KABEL,A-KL-ADS-002-H,FO ADSS 24 Haspel,Meter,Telkom,23,
65,KABEL,A-KL-ADS-002-P,FO ADSS 24 Potongan,Meter,Telkom,23,
66,KABEL,A-KL-ADS-003-H,FO ADSS 48 Haspel,Meter,Telkom,23,
67,KABEL,A-KL-ADS-003-P,FO ADSS 48 Potongan,Meter,Telkom,23,
68,KABEL,A-KL-ADS-004-H,FO ADSS 96 Haspel,Meter,Telkom,23,
69,KABEL,A-KL-ADS-004-P,FO ADSS 96 Potongan,Meter,Telkom,23,
70,KABEL,A-KL-ADS-005-H,FO ADSS 144 Haspel,Meter,Telkom,23,
71,KABEL,A-KL-ADS-005-P,FO ADSS 144 Potongan,Meter,Telkom,23,
72,KABEL,A-KL-ADS-006-P,FO ADSS 12 Potongan FS,Meter,Fiberstar,23,
73,KABEL,A-KL-ADS-007-P,FO ADSS 24 Potongan FS,Meter,Fiberstar,23,
74,KABEL,A-KL-ADS-008-P,FO ADSS 96 Potongan,Meter,Fiberstar,23,
75,KABEL,B-KL-ADS-001-H,FO ADSS 24 AntiRodent Haspel,Meter,iForte,10,
76,KABEL,B-KL-ADS-001-P,FO ADSS 24 AntiRodent Potongan,Meter,iForte,10,
77,KABEL,B-KL-ADS-002-H,FO ADSS 24 Haspel,Meter,iForte,10,
78,KABEL,B-KL-ADS-002-P,FO ADSS 24 Potongan,Meter,iForte,10,
79,KABEL,B-KL-ADS-003-H,FO ADSS 48 Haspel,Meter,iForte,10,
80,KABEL,B-KL-ADS-003-P,FO ADSS 48 Potongan,Meter,iForte,10,
81,KABEL,B-KL-ADS-004-H,FO ADSS 96 Haspel,Meter,iForte,10,
82,KABEL,B-KL-ADS-004-P,FO ADSS 96 Potongan,Meter,iForte,10,
83,KABEL,B-KL-ADS-005-H,FO ADSS 144 Haspel,Meter,iForte,10,
84,KABEL,B-KL-ADS-005-P,FO ADSS 144 Potongan,Meter,iForte,10,
85,KABEL,B-KL-ADS-006-H,FO ADSS 288 C Haspel,Meter,iForte,10,
86,KABEL,B-KL-ADS-006-P,FO ADSS 288 C Potongan,Meter,iForte,10,
87,KABEL,C-KL-ADS-001-H,FO ADSS 24 C Haspel,Meter,My Repubilc,11,
88,KABEL,C-KL-ADS-001-P,FO ADSS 24 C Potongan,Meter,My Repubilc,11,
89,KABEL,C-KL-ADS-002-H,FO ADSS 36 C Haspel,Meter,My Repubilc,11,
90,KABEL,C-KL-ADS-002-P,FO ADSS 36 C Potongan,Meter,My Repubilc,11,
91,KABEL,C-KL-ADS-003-H,FO ADSS 48 C Haspel,Meter,My Repubilc,11,
92,KABEL,C-KL-ADS-003-P,FO ADSS 48 C Potongan,Meter,My Repubilc,11,
93,KABEL,C-KL-ADS-004-H,FO ADSS 96 C Haspel,Meter,My Repubilc,11,
94,KABEL,C-KL-ADS-004-P,FO ADSS 96 C Potongan,Meter,My Repubilc,11,
95,KABEL,C-KL-ADS-005-H,FO ADSS 144 C Haspel,Meter,My Repubilc,11,
96,KABEL,C-KL-ADS-005-P,FO ADSS 144 C Potongan,Meter,My Repubilc,11,
97,KABEL,C-KL-ADS-006-H,FO ADSS 288 C Haspel,Meter,My Repubilc,11,
98,KABEL,C-KL-ADS-006-P,FO ADSS 288 C Potongan,Meter,My Repubilc,11,
99,HDPE,A-HE-ORG-001,HDPE Orange 40/33 mm,Meter,Telkom,23,
100,HDPE,A-HE-ORG-002,HDPE Orange 42/38 mm,Meter,Telkom,23,
101,HDPE,A-HE-ORG-003,HDPE Orange 50/42 mm,Meter,Telkom,23,
102,HDPE,A-HE-BLU-001,HDPE Warna Biru 33/28 mm,Meter,iForte,23,
103,HDPE,A-HE-BLU-002,HDPE Warna Biru 40/33 mm,Meter,iForte,23,
104,HDPE,A-HE-BLK-001,Subduct Hitam 32/28,Meter,Telkom,23,
105,HDPE,A-HE-BLK-002,Subduct Hitam 40/33,Meter,Telkom,23,
106,HDPE,A-HE-BLK-003,HDPE Hitam Strip Biru 32/28,Meter,Telkom,23,
107,HDPE,C-HE-PUR-001,HDPE Warna Ungu 32/28,Meter,My Repubilc,11,
108,HDPE,C-HE-PUR-002,"HDPE Warna Ungu 40/34, 4 Strip putih",Meter,My Repubilc,11,
109,HDPE,C-HE-PUR-003,HDPE Hitam Strip Biru 32/28,Meter,My Repubilc,11,
110,AKSESORIES TIANG,A-AS-PCL-001,Pole Clamp Single,Pc(s),My Repubilc,23,
111,AKSESORIES TIANG,A-AS-PCL-002,Pole Clamp Double,Pc(s),My Repubilc,23,
112,AKSESORIES TIANG,A-AS-SUS-001,Suspension Clamp Gantung,Pc(s),My Repubilc,23,
113,AKSESORIES TIANG,A-AS-SUS-002,Suspension Clamp Corong ,Pc(s),My Repubilc,23,
114,AKSESORIES TIANG,A-AS-BDG-001,Buldog grip,Pc(s),My Repubilc,23,
115,AKSESORIES TIANG,A-AS-SPN-001,Span wartel 3/8”,Pc(s),My Repubilc,23,
116,AKSESORIES TIANG,A-AS-STP-001,Stopping iForte,Pc(s),iForte,23,
117,AKSESORIES TIANG,A-AS-STP-002,Stopping,Pc(s),My Repubilc,23,
118,AKSESORIES TIANG,A-AS-STB-001,Stanless Band @ 50 Mtr iForte,Roll,iForte,23,
119,AKSESORIES TIANG,A-AS-STB-002,Stanless Band @ 50 Mtr,Roll,My Repubilc,23,
120,AKSESORIES TIANG,A-AS-SHG-001,Slack hanger Iforte,Pc(s),iForte,23,
121,AKSESORIES TIANG,A-AS-SHG-002,Slack hanger Telkom,Pc(s),Telkom,23,
122,AKSESORIES TIANG,A-AS-SHG-003,Slack hanger,Pc(s),My Repubilc,23,
123,AKSESORIES TIANG,A-AS-SLW-001,Sling Wire,Meter,My Repubilc,23,
124,AKSESORIES TIANG,A-AS-CDB-001,Conduit Hitam @ 50 Mtr,Meter,iForte,23,
125,AKSESORIES TIANG,A-AS-HFT-001,Helical Fitting,Pc(s),iForte,23,
126,AKSESORIES TIANG,A-AS-TBL-001,Thimble,Pc(s),iForte,23,
127,AKSESORIES TIANG,A-AS-GRD-001,Grounding BC,Meter,Telkom,23,
128,AKSESORIES TIANG,A-AS-GRD-002,Grounding Batang,Batang,Telkom,23,
129,AKSESORIES TIANG,A-AS-ACR-001,Anchoring,Pc(s),Telkom,23,
130,AKSESORIES TIANG,A-AS-BKT-001,Bracket A,Pc(s),iForte,23,
131,AKSESORIES TIANG,A-AS-CBY-001,Clamp Buaya,Pc(s),My Repubilc,23,
132,AKSESORIES TIANG,A-AS-END-001,Dead End,Pc(s),Telkom,23,
133,AKSESORIES TIANG,A-AS-CLM-001,Multiclamp,Pc(s),Telkom,23,
134,AKSESORIES TIANG,A-AS-CLG-001,Clamp 8 Gantung (Begel),Pcs,My Repubilc,23,
135,AKSESORIES TIANG,A-AS-CLG-002,"Clamp Gantung 6""",Pcs,FIberstar,23,
136,AKSESORIES TIANG,A-AS-CLG-003,"Clamp Gantung 8""",Pcs,FIberstar,23,
137,AKSESORIES TIANG,A-AS-CPE-001,Clamp HDPE,Pc(s),Asia Net,23,
138,AKSESORIES TIANG,A-AS-SCL-001,Steel Clamp,Pcs,My Repubilc,23,
139,AKSESORIES TIANG,A-AS-STFS-001,Stainless F Star,Pc(s),Fiberstar,23,
140,AKSESORIES TIANG,A-AS-SUS-005,Suspension ADSS,Pc(s),My Repubilc,23,
141,AKSESORIES TIANG,A-AS-BDG-002,Buldog grip kecil,Pc(s),My Repubilc,23,
142,AKSESORIES TIANG,A-AS-STB-003,Stanless Band iForte,Meter,iForte,23,
143,AKSESORIES TIANG,A-AS-STB-004,Stanless Band (Potongan),Meter,My Repubilc,23,
144,AKSESORIES TIANG,A-AS-SHG-004,Slack hanger,Pc(s),Fiberstar,23,
145,AKSESORIES TIANG,A-AS-SUS-003,Suspension Corong 144,Pc(s),My Repubilc,23,
146,AKSESORIES TIANG,A-AS-SUS-004,Suspension Corong 48,Pc(s),My Repubilc,23,
147,AKSESORIES TIANG,A-AS-HFT-002,Helical Fitting 144,Pc(s),My Repubilc,23,
148,AKSESORIES TIANG,A-AS-CBY-002,Clamp Buaya 96,Pc(s),My Repubilc,23,
149,AKSESORIES TIANG,A-AS-SHG-005,Slack hanger,Pc(s),Telkom,23,
150,AKSESORIES TIANG,A-AS-SPN-002,Span wartel 3/4”,Pc(s),My Repubilc,23,
151,AKSESORIES FO,A-AS-PGL-001,"Pigtail 1,2 Mtr",Pc(s),Telkom,23,
152,AKSESORIES FO,B-AS-PGL-001,Pigtail SC @ 1 Mtr,Pc(s),iForte,10,
153,AKSESORIES FO,B-AS-PGL-002,"Pigtail SC @ 1,5 Mtr",Pc(s),iForte,10,
154,AKSESORIES FO,B-AS-PGL-003,Pigtail SC @ 2 Mtr,Pc(s),iForte,10,
155,AKSESORIES FO,B-AS-PGL-004,"Pigtail FC @ 1,5 Mtr",Pc(s),iForte,10,
156,AKSESORIES FO,B-AS-PGL-005,Pigtail FC @ 2 Mtr,Pc(s),iForte,10,
157,AKSESORIES FO,B-AS-PGL-006,"Pigtail LC @ 1,5 Mtr",Pc(s),iForte,10,
158,AKSESORIES FO,C-AS-PGL-001,Pigtail,Pc(s),My Repubilc,11,
159,AKSESORIES FO,A-AS-PSV-001,Protection Sleeve,Pc(s),Telkom,23,
160,AKSESORIES FO,A-AS-RST-001,Roset FO 1 Core,Pc(s),Telkom,23,
161,AKSESORIES FO,A-AS-RST-002,Roset FO 2 Core,Pc(s),Telkom,23,
162,FDT / FAT,A-AS-ODC-001,ODC - P/B 48 Core,Unit,Telkom,23,
163,FDT / FAT,A-AS-ODC-002,ODC - C 144 Core,Unit,Telkom,23,
164,FDT / FAT,A-AS-ODC-003,ODC - C 288 Core,Unit,Telkom,23,
165,CLOSURE,A-AS-CLI-001,Joint Closure Kap. 24 Inline,Unit,Telkom,23,
166,CLOSURE,A-AS-CLI-002,Joint Closure Kap. 48 Inline,Unit,Telkom,23,
167,CLOSURE,A-AS-CLI-003,Joint Closure Kap. 72 Inline,Unit,Telkom,23,
168,CLOSURE,A-AS-CLI-004,Joint Closure Kap. 96 Inline,Unit,Telkom,23,
169,CLOSURE,A-AS-CLI-005,Joint Closure Kap. 144 Inline,Unit,Telkom,23,
170,CLOSURE,A-AS-CLI-006,Joint Closure Kap. 288 Inline,Unit,Telkom,23,
171,CLOSURE,A-AS-CLD-001,Joint Closure Kap. 48 Dome,Unit,My Repubilc,23,
172,CLOSURE,A-AS-CLD-002,Joint Closure Kap. 96 Dome,Unit,My Repubilc,23,
173,CLOSURE,A-AS-CLD-003,Joint Closure Kap. 144 Dome,Unit,My Repubilc,23,
174,CLOSURE,A-AS-CLD-004,Joint Closure Kap. 288 Dome,Unit,My Repubilc,23,
175,CLOSURE,A-AS-CLD-005,Joint Closure Kap. 24 Dome,Unit,Fiberstar,23,
176,CLOSURE,A-AS-CLD-006,Joint Closure Kap. 12 Dome,Unit,Fiberstar,23,
177,CLOSURE,A-AS-CLD-007,Joint Closure Kap. 96 Dome,Unit,Fiberstar,23,
178,CLOSURE,A-AS-CLD-008,Joint Closure Kap. 48 Dome,Unit,Fiberstar,23,
179,CLOSURE,B-AS-CLI-001,Joint Closure 24,Unit,iForte,10,
180,CLOSURE,B-AS-CLI-002,Joint Closure 48,Unit,iForte,10,
181,CLOSURE,B-AS-CLI-003,Joint Closure 96,Unit,iForte,10,
182,CLOSURE,B-AS-CLI-004,Joint Closure 144,Unit,iForte,10,
183,CLOSURE,B-AS-CLI-005,Joint Closure 288,Unit,iForte,10,
184,FDT / FAT,A-AS-ODP-001,ODP Pole 8 Core,Unit,Telkom,23,
185,FDT / FAT,A-AS-ODP-002,ODP Solid 8 Core,Unit,Telkom,23,
186,FDT / FAT,A-AS-ODP-003,ODP Pedestal 8 Core,Unit,Telkom,23,
187,FDT / FAT,A-AS-ODP-004,ODP Closure 8 Core Lengkap,Unit,Telkom,23,
188,FDT / FAT,A-AS-ODP-005,ODP Closure Solid 8 Core Lengkap,Unit,Telkom,23,
189,FDT / FAT,B-AS-ODP-001,ODP 16,Unit,iForte,10,
190,OTB,A-AS-OTB-001,OTB 12 Core,Unit,Telkom,23,
191,OTB,A-AS-OTB-002,OTB 24 Core,Unit,Telkom,23,
192,OTB,A-AS-OTB-003,OTB 48 Core,Unit,Telkom,23,
193,OTB,A-AS-OTB-004,OTB 72 Core,Unit,Telkom,23,
194,OTB,A-AS-OTB-005,OTB 96 Core,Unit,Telkom,23,
195,OTB,A-AS-OTB-006,OTB 144 Core,Unit,Telkom,23,
196,OTB,B-AS-OTB-001,OTB 12 SC,Unit,iForte,10,
197,OTB,B-AS-OTB-002,OTB 12 FC,Unit,iForte,10,
198,OTB,B-AS-OTB-003,OTB 72,Unit,iForte,10,
199,OTB,B-AS-OTB-004,OTB 96,Unit,iForte,10,
200,OTB,B-AS-OTB-005,OTB 144,Unit,iForte,10,
201,OTB,B-AS-OTB-006,OTB 24 LC,Unit,iForte,10,
202,OTB,A-AS-ODF-001,ODF High Capacity 144 Core,Unit,Telkom,23,
203,AKSESORIES FO,A-AS-RCK-001,Open Rack FTM Capacity 144 Core,Unit,Telkom,23,
204,AKSESORIES FO,A-AS-PTR-001,Passive Splitter 1 : 4 Modular,Pc(s),Telkom,23,
205,AKSESORIES FO,A-AS-PTR-002,Passive Splitter 1 : 8 Modular,Pc(s),Telkom,23,
206,AKSESORIES FO,A-AS-PTR-003,Passive Splitter 1 : 4 PLC,Pc(s),Telkom,23,
207,AKSESORIES FO,A-AS-PTR-004,Passive Splitter 1 : 8 PLC,Pc(s),Telkom,23,
208,AKSESORIES FO,A-AS-PTR-005,Passive Splitter 1 : 16 PLC,Pc(s),Telkom,23,
209,AKSESORIES FO,B-AS-PTR-001,Passive Splitter 1 : 4 Modular,Pc(s),iForte,10,
210,AKSESORIES FO,B-AS-PTR-002,Passive Splitter 1 : 8 Modular,Pc(s),iForte,10,
211,AKSESORIES FO,B-AS-PTR-003,Passive Splitter PLC 1 : 8 ,Pc(s),iForte,10,
212,AKSESORIES FO,B-AS-PTR-004,Splitter PLC  1 : 4,Pc(s),iForte,10,
213,AKSESORIES FO,C-AS-PTR-001,Passive Splitter 1 : 8 FDT,Pc(s),My Repubilc,11,
214,AKSESORIES FO,C-AS-PTR-002,Passive Splitter 1 : 8 FAT,Pc(s),My Repubilc,11,
215,FDT / FAT,A-AS-PIT-001,HH PIT Home ODP,Unit,Telkom,23,
216,FDT / FAT,A-AS-PIT-002,HH PIT Home ODC,Unit,Telkom,23,
217,AKSESORIES FO,A-AS-PIT-003,HH PIT BESAR 80X80,Unit,My Repubilc,11,
218,FDT / FAT,A-AS-PIT-004,HH PIT ODP 40X40,Unit,My Repubilc,11,
219,AKSESORIES FO,A-AS-PIT-005,HH PIT Home 20x20,Unit,My Repubilc,11,
220,AKSESORIES FO,A-AS-PCS-001,Patch Core SC/SC Simplex @ 5 Mtr,Pc(s),Telkom,23,
221,AKSESORIES FO,A-AS-PCS-002,Patch Core SC/SC Simplex @ 10 Mtr,Pc(s),Telkom,23,
222,AKSESORIES FO,A-AS-PCS-003,Patch Core SC/SC Simplex @ 15 Mtr,Pc(s),Telkom,23,
223,AKSESORIES FO,A-AS-PCS-004,Patch Core SC/SC Simplex @ 20 Mtr,Pc(s),Telkom,23,
224,AKSESORIES FO,A-AS-PCS-005,"Patch Core LC/LC Simplex @ 1,5 Mtr",Pc(s),Telkom,23,
225,AKSESORIES FO,A-AS-PCS-006,Patch Core LC/LC Simplex @ 3 Mtr,Pc(s),Telkom,23,
226,AKSESORIES FO,A-AS-PCS-007,Patch Core LC/LC Simplex @ 10 Mtr,Pc(s),Telkom,23,
227,AKSESORIES FO,A-AS-PCS-008,Patch Core SC/LC Simplex @ 5 Mtr,Pc(s),Telkom,23,
228,AKSESORIES FO,A-AS-PCS-009,Patch Core FC/SC Simplex @ 5 Mtr,Pc(s),Telkom,23,
229,AKSESORIES FO,A-AS-PCS-010,Patch Core FC/SC Simplex @ 10 Mtr,Pc(s),Telkom,23,
230,AKSESORIES FO,A-AS-PCS-011,Patch Core FC/SC Simplex @ 20 Mtr,Pc(s),Telkom,23,
231,AKSESORIES FO,B-AS-PCS-001,Patch Core LC/LC Simplex @ 10 Mtr,Pc(s),iForte,10,
232,AKSESORIES FO,A-AS-PCD-001,Patch Core SC/SC Duplex @ 2 Mtr,Pc(s),Telkom,23,
233,AKSESORIES FO,A-AS-PCD-002,Patch Core SC/SC Duplex @ 3 Mtr,Pc(s),Telkom,23,
234,AKSESORIES FO,A-AS-PCD-003,Patch Core SC/SC Duplex @ 5 Mtr,Pc(s),Telkom,23,
235,AKSESORIES FO,A-AS-PCD-004,Patch Core SC/SC Duplex @ 10 Mtr,Pc(s),Telkom,23,
236,AKSESORIES FO,A-AS-PCD-005,Patch Core SC/SC Duplex @ 15 Mtr,Pc(s),Telkom,23,
237,AKSESORIES FO,A-AS-PCD-006,Patch Core SC/SC Duplex @ 20 Mtr,Pc(s),Telkom,23,
238,AKSESORIES FO,A-AS-PCD-007,Patch Core SC/SC Duplex @ 30 Mtr,Pc(s),Telkom,23,
239,AKSESORIES FO,A-AS-PCD-008,Patch Core FC/FC Duplex @ 2 Mtr,Pc(s),Telkom,23,
240,AKSESORIES FO,A-AS-PCD-009,Patch Core FC/FC Duplex @ 3 Mtr,Pc(s),Telkom,23,
241,AKSESORIES FO,A-AS-PCD-010,Patch Core FC/FC Duplex @ 5 Mtr,Pc(s),Telkom,23,
242,AKSESORIES FO,A-AS-PCD-011,Patch Core FC/FC Duplex @ 10 Mtr,Pc(s),Telkom,23,
243,AKSESORIES FO,A-AS-PCD-012,Patch Core FC/FC Duplex @ 20 Mtr,Pc(s),Telkom,23,
244,AKSESORIES FO,A-AS-PCD-013,Patch Core FC/FC Duplex @ 30 Mtr,Pc(s),Telkom,23,
245,AKSESORIES FO,A-AS-PCD-014,Patch Core FC/LC Duplex @ 2 Mtr,Pc(s),Telkom,23,
246,AKSESORIES FO,A-AS-PCD-015,Patch Core FC/LC Duplex @ 5 Mtr,Pc(s),Telkom,23,
247,AKSESORIES FO,A-AS-PCD-016,Patch Core FC/LC Duplex @ 10 Mtr,Pc(s),Telkom,23,
248,AKSESORIES FO,A-AS-PCD-017,Patch Core FC/LC Duplex @ 15 Mtr,Pc(s),Telkom,23,
249,AKSESORIES FO,A-AS-PCD-018,Patch Core FC/LC Duplex @ 20 Mtr,Pc(s),Telkom,23,
250,AKSESORIES FO,A-AS-PCD-019,Patch Core FC/LC Duplex @ 30 Mtr,Pc(s),Telkom,23,
251,AKSESORIES FO,A-AS-PCD-020,Patch Core FC/SC Duplex @ 3 Mtr,Pc(s),Telkom,23,
252,AKSESORIES FO,A-AS-PCD-021,Patch Core FC/SC Duplex @ 5 Mtr,Pc(s),Telkom,23,
253,AKSESORIES FO,A-AS-PCD-022,Patch Core FC/SC Duplex @ 10 Mtr,Pc(s),Telkom,23,
254,AKSESORIES FO,A-AS-PCD-023,Patch Core FC/SC Duplex @ 20 Mtr,Pc(s),Telkom,23,
255,AKSESORIES FO,A-AS-PCD-024,Patch Core FC/SC Duplex @ 30 Mtr,Pc(s),Telkom,23,
256,AKSESORIES FO,A-AS-PCD-025,Patch Core LC/LC Duplex @ 5 Mtr,Pc(s),Telkom,23,
257,AKSESORIES FO,A-AS-PCD-026,Patch Core LC/LC Duplex @ 20 Mtr,Pc(s),Telkom,23,
258,AKSESORIES FO,A-AS-PCD-027,Patch Core LC/LC Duplex @ 30 Mtr,Pc(s),Telkom,23,
259,AKSESORIES FO,A-AS-PCD-028,Patch Core SC/LC Duplex @ 2 Mtr,Pc(s),Telkom,23,
260,AKSESORIES FO,A-AS-PCD-029,Patch Core SC/LC Duplex @ 5 Mtr,Pc(s),Telkom,23,
261,AKSESORIES FO,A-AS-PCD-030,Patch Core SC/LC Duplex @ 10 Mtr,Pc(s),Telkom,23,
262,AKSESORIES FO,A-AS-PCD-031,Patch Core SC/LC Duplex @ 15 Mtr,Pc(s),Telkom,23,
263,AKSESORIES FO,A-AS-PCD-032,Patch Core SC/LC Duplex @ 20 Mtr,Pc(s),Telkom,23,
264,AKSESORIES FO,A-AS-PCD-033,Patch Core SC/LC Duplex @ 30 Mtr,Pc(s),Telkom,23,
265,AKSESORIES FO,B-AS-PCD-001,"Patch Core LC/LC Duplex @ 1,5 Mtr",Pc(s),iForte,10,
266,AKSESORIES FO,B-AS-PCD-002,Patch Core LC/LC Duplex @ 10 Mtr,Pc(s),iForte,10,
267,AKSESORIES FO,B-AS-PCD-003,Patch Core FC/LC Duplex @ 3 Mtr,Pc(s),iForte,10,
268,AKSESORIES FO,B-AS-PCD-004,Patch Core FC/LC Duplex @ 10 Mtr,Pc(s),iForte,10,
269,AKSESORIES FO,B-AS-PCD-005,Patch Core FC/FC Duplex @ 1.5 Mtr,Pc(s),iForte,10,
270,AKSESORIES FO,B-AS-PCD-006,Patch Core SC/SC Duplex @ 3 Mtr,Pc(s),iForte,10,
271,AKSESORIES FO,B-AS-PCD-007,Patch Core SC/SC Duplex @ 5 Mtr,Pc(s),iForte,10,
272,AKSESORIES FO,B-AS-PCD-008,Patch Core SC/SC Duplex @ 10 Mtr,Pc(s),iForte,10,
273,AKSESORIES FO,B-AS-PCD-009,Patch Core SC/SC Duplex @ 15 Mtr,Pc(s),iForte,10,
274,AKSESORIES FO,B-AS-PCD-010,Patch Core LC/SC Duplex @ 2 Mtr,Pc(s),iForte,10,
275,AKSESORIES FO,B-AS-PCD-011,Patch Core LC/SC Duplex @ 3 Mtr,Pc(s),iForte,10,
276,AKSESORIES FO,B-AS-PCD-012,Patch Core LC/SC Duplex @ 10 Mtr,Pc(s),iForte,10,
277,AKSESORIES FO,B-AS-PCD-013,Patch Core LC/SC Duplex @ 15 Mtr,Pc(s),iForte,10,
278,AKSESORIES FO,B-AS-PCD-014,Patch Core LC/SC Duplex @ 30 Mtr,Pc(s),iForte,10,
279,AKSESORIES FO,B-AS-PCD-015,Patch Core APC/SC Duplex @ 3 Mtr,Pc(s),iForte,10,
280,AKSESORIES FO,B-AS-PCD-016,Patch Core LC/FC Duplex @ 3 Mtr,Pc(s),iForte,10,
281,AKSESORIES FO,B-AS-PCD-017,Patch Core SC/LC Duplex @ 10 Mtr,Pc(s),iForte,10,
282,AKSESORIES FO,B-AS-PCD-018,Patch Core SC/LC Duplex @ 15 Mtr,Pc(s),iForte,10,
283,AKSESORIES FO,B-AS-PCD-019,Patch Core FC/FC Duplex @ 2 Mtr,Pc(s),iForte,10,
284,AKSESORIES FO,B-AS-PCD-020,Patch Core FC/FC Duplex @ 10 Mtr,Pc(s),iForte,10,
285,AKSESORIES FO,B-AS-PCD-021,Patch Core SC/SC Duplex @ 2 Mtr,Pc(s),iForte,10,
286,AKSESORIES FO,B-AS-PCD-022,Patch Core FC/SC Duplex @ 3 Mtr,Pc(s),iForte,10,
287,AKSESORIES FO,B-AS-PCD-023,Patch Core FC/SC Duplex @ 10 Mtr,Pc(s),iForte,10,
288,AKSESORIES FO,B-AS-PCD-024,"Patch Core SC/LC Duplex @ 1,5 Mtr",Pc(s),iForte,10,
289,AKSESORIES FO,B-AS-PCD-025,Patch Core LC/LC Duplex @ 3 Mtr,Pc(s),iForte,10,
290,AKSESORIES FO,C-AS-PCR-001,Patch Core,Pc(s),My Repubilc,11,
291,AKSESORIES FO,A-AS-CDB-002,(PVC White) High Impact Conduit 20 mm,Meter,Telkom,23,
292,AKSESORIES FO,A-AS-CDB-003,(PVC Black) High Impact Conduit 20 mm,Meter,Telkom,23,
293,FDT / FAT,B-AS-FAT-001,FAT 16 Ports,Unit,iForte,10,
294,FDT / FAT,C-AS-FAT-001,FAT 16,Unit,My Repubilc,11,
295,FDT / FAT,A-AS-FDT-001,FDT 48C,Unit,Asia Net,23,
296,FDT / FAT,C-AS-FDT-001,FDT 48C,Unit,My Repubilc,11,
297,FDT / FAT,C-AS-FDT-002,FDT 72C,Unit,My Repubilc,11,
298,FDT / FAT,B-AS-FDT-001,FDT 72C,Unit,iForte,10,
299,FDT / FAT,C-AS-FDT-003,FDT 144C,Unit,My Repubilc,11,
300,FDT / FAT,B-AS-FDT-002,FDT Pole 48C+12 Splitter Modular 1 : 4,Unit,iForte,10,
301,FDT / FAT,B-AS-FDT-003,FDT Pole 144C+24 Splitter Modular 1 : 4,Unit,iForte,10,
302,AKSESORIES FO,A-AS-DRP-001,Drop FO 1 Core @ 1.000 Mtr,Roll,Telkom,23,
303,AKSESORIES FO,A-AS-DRP-002,Drop FO 1 Core @ 692 Mtr,Roll,Telkom,23,
304,AKSESORIES FO,A-AS-CON-001,Connector SC,Pc(s),Telkom,23,
305,AKSESORIES FO,B-AS-CON-001,Connector SC iForte,Pc(s),iForte,10,
306,AKSESORIES FO,A-AS-DWC-001,DW Preconnector @ 75 Mtr,Roll,Telkom,23,
307,AKSESORIES FO,A-AS-DWC-002,DW Preconnector @ 100 Mtr,Roll,Telkom,23,
308,AKSESORIES FO,A-AS-DWC-003,DW Preconnector @ 150 Mtr,Roll,Telkom,23,
309,AKSESORIES FO,A-AS-WTP-001,Warning Tape,Roll,Telkom,23,
310,FDT / FAT,A-AS-OAT-001,ODP/FAT Kapasitas 16 Core Lengkap,Unit,Asia Net,23,
311,FDT / FAT,A-AS-OAT-002,ODP/FAT Kapasitas 16 Core FS,Unit,Fiberstar,23,
312,FDT / FAT,A-AS-OAT-003,ODP/FAT Kapasitas 24 Core Lengkap,Unit,Asia Net,23,
313,FDT / FAT,A-AS-OAT-004,ODP/FAT Kapasitas 24 Core FS,Unit,Fiberstar,23,
314,AKSESORIES FO,A-AS-PDT-001,Pedestal Asia Net,Unit,Asia Net,23,
315,AKSESORIES FO,C-AS-PDT-002,Pedestal,Unit,My Repubilc,11,
316,CLOSURE,B-AS-CLI-006,Joint Closure 96,Unit, Moratel,23,
317,CLOSURE,A-AS-ODC-004,Joint Closure Kap. 12 Inline,Unit,Telkom,23,
318,FDT / FAT,B-AS-ODP-002,ODP 24,Unit,iForte,23,
319,AKSESORIES FO,A-AS-PTR-006,Passive Splitter 1 : 8 Modular UPC,Pc(s),Fiberstar,23,
320,AKSESORIES FO,A-AS-PTR-007,Passive Splitter 1 : 8 Modular APC,Pc(s),Fiberstar,23,
321,AKSESORIES FO,A-AS-PTR-008,Passive Splitter 1 : 8 Modular,Pc(s),Asia Net,23,
