route,zeyn_doc_name,astri_doc_label,astri_doc_type,match_status,sample_astri_status,sample_file_count,recommended_action,mapping_note
ATP CLUSTER - CW ATP,Berita Acara Kesepakatan,Berita Acara Kesepakatan,permit_cluster_aggreement,YES,NOT UPLOADED,0,AUTO_SYNC,
ATP CLUSTER - CW ATP,Berita Acara Open,Berita Acara Open,permit_open,YES,ON REVIEW,1,AUTO_SYNC,
ATP CLUSTER - CW ATP,Cluster Approval Proposal,Cluster Approval Proposal,donation_approval,YES,NOT UPLOADED,0,AUTO_SYNC,
ATP CLUSTER - CW ATP,CW ATP,CW ATP,civil_work_acceptance_test,YES,NOT UPLOADED,0,AUTO_SYNC,
ATP CLUSTER - CW ATP,Form Cluster Survey,Form Cluster Survey,cluster_survey_form,YES,NOT UPLOADED,0,AUTO_SYNC,
ATP CLUSTER - CW ATP,Form Free Layanan,Form Free Layanan,permit_vip_form,YES,NOT UPLOADED,0,AUTO_SYNC,
ATP CLUSTER - CW ATP,Layout SnD Kasar,Layout SnD Kasar,rough_design_layout,YES,ON REVIEW,1,AUTO_SYNC,
ATP CLUSTER - CW ATP,Redline,Redline,redline,YES,NOT UPLOADED,0,AUTO_SYNC,
ATP CLUSTER - CW ATP,(tidak ada di ZEYN),APD DWG Cluster,as_plan_drawing_dwg,EXTRA_ASTRI,APPROVED,1,IGNORE_OR_ADD_TO_ZEYN,
ATP CLUSTER - CW ATP,(tidak ada di ZEYN),APD KMZ Cluster,as_plan_drawing_kmz,EXTRA_ASTRI,ON REVIEW,2,IGNORE_OR_ADD_TO_ZEYN,
ATP CLUSTER - CW ATP,(tidak ada di ZEYN),APD Subfeeder kmz,as_plan_drawing_subfeeder_kmz,EXTRA_ASTRI,ON REVIEW,2,IGNORE_OR_ADD_TO_ZEYN,
ATP CLUSTER - CW ATP,(tidak ada di ZEYN),BA Permit Subfeeder,permit_subfeeder,EXTRA_ASTRI,NOT UPLOADED,0,IGNORE_OR_ADD_TO_ZEYN,
ATP CLUSTER - CW ATP,(tidak ada di ZEYN),CW ATP Subfeeder,subfeeder_civil_work_acceptance_test,EXTRA_ASTRI,NOT UPLOADED,0,IGNORE_OR_ADD_TO_ZEYN,
ATP CLUSTER - CW ATP,(tidak ada di ZEYN),Homepass Database,homepass_database,EXTRA_ASTRI,APPROVED,1,IGNORE_OR_ADD_TO_ZEYN,
ATP CLUSTER - CW ATP,(tidak ada di ZEYN),Layout Validasi Sales,sales_validation_layout,EXTRA_ASTRI,NOT UPLOADED,0,IGNORE_OR_ADD_TO_ZEYN,
ATP CLUSTER - CW ATP,(tidak ada di ZEYN),PTSP,ptsp,EXTRA_ASTRI,NOT UPLOADED,0,IGNORE_OR_ADD_TO_ZEYN,
ATP CLUSTER - CW ATP,(tidak ada di ZEYN),Redline Subfeeder,subfeeder_redline,EXTRA_ASTRI,NOT UPLOADED,0,IGNORE_OR_ADD_TO_ZEYN,
ATP CLUSTER - CW ATP,(tidak ada di ZEYN),Rekomtek,rekomtek,EXTRA_ASTRI,NOT UPLOADED,0,IGNORE_OR_ADD_TO_ZEYN,
ATP CLUSTER - CW ATP,(tidak ada di ZEYN),TSSR,tssr,EXTRA_ASTRI,APPROVED,1,IGNORE_OR_ADD_TO_ZEYN,
ATP CLUSTER - FULL OPM,FULL OPM,,,NO,,,MAP_MANUAL,
ATP CLUSTER - FULL OPM,(tidak ada di ZEYN),OPM / OTDR ATP,opm_otdr_acceptance_test,EXTRA_ASTRI,NOT UPLOADED,0,IGNORE_OR_ADD_TO_ZEYN,
ATP CLUSTER - RFS,ABD Cluster DWG,ABD Cluster DWG,as_built_drawing_dwg,YES,NOT UPLOADED,0,AUTO_SYNC,
ATP CLUSTER - RFS,ABD Cluster KMZ,ABD Cluster KMZ,as_built_drawing_kmz,YES,NOT UPLOADED,0,AUTO_SYNC,
ATP CLUSTER - RFS,Justifikasi Berita Acara Opname,Justifikasi Berita Acara Opname,justifikasi_berita_acara_opname,YES,NOT UPLOADED,0,AUTO_SYNC,
ATP CLUSTER - RFS,Project Opname,Project Opname,project_opname,YES,NOT UPLOADED,0,AUTO_SYNC,
ATP CLUSTER - RFS,(tidak ada di ZEYN),ABD BoQ Cluster,build_of_quantity_as_built_drawing,EXTRA_ASTRI,NOT UPLOADED,0,IGNORE_OR_ADD_TO_ZEYN,
ATP CLUSTER - RFS,(tidak ada di ZEYN),BoQ APD,build_of_quantity_as_plan_drawing,EXTRA_ASTRI,APPROVED,1,IGNORE_OR_ADD_TO_ZEYN,
ATP CLUSTER - RFS,(tidak ada di ZEYN),Core Management,core_management,EXTRA_ASTRI,ON REVIEW,1,IGNORE_OR_ADD_TO_ZEYN,
ATP CLUSTER - RFS,(tidak ada di ZEYN),Project Opname Subfeeder,subfeeder_project_opname,EXTRA_ASTRI,NOT UPLOADED,0,IGNORE_OR_ADD_TO_ZEYN,
ATP SUBFEEDER - CW ATP,APD Core Management Subfeeder,APD Core Management Subfeeder,as_plan_drawing_core_management_subfeeder,YES,NOT UPLOADED,0,AUTO_SYNC,
ATP SUBFEEDER - CW ATP,CW ATP Subfeeder,CW ATP Subfeeder,subfeeder_civil_work_acceptance_test,YES,NOT UPLOADED,0,AUTO_SYNC,
ATP SUBFEEDER - CW ATP,Redline Subfeeder,Redline Subfeeder,subfeeder_redline,YES,NOT UPLOADED,0,AUTO_SYNC,
ATP SUBFEEDER - CW ATP,(tidak ada di ZEYN),APD Subfeeder dwg,as_plan_drawing_subfeeder_dwg,EXTRA_ASTRI,APPROVED,1,IGNORE_OR_ADD_TO_ZEYN,
ATP SUBFEEDER - CW ATP,(tidak ada di ZEYN),APD Subfeeder kmz,as_plan_drawing_subfeeder_kmz,EXTRA_ASTRI,ON REVIEW,2,IGNORE_OR_ADD_TO_ZEYN,
ATP SUBFEEDER - CW ATP,(tidak ada di ZEYN),BA Permit Subfeeder,permit_subfeeder,EXTRA_ASTRI,NOT UPLOADED,0,IGNORE_OR_ADD_TO_ZEYN,
ATP SUBFEEDER - FULL OPM,FULL OPM,,,NO,,,MAP_MANUAL,
ATP SUBFEEDER - FULL OPM,(tidak ada di ZEYN),OPM / OTDR Subfeeder,subfeeder_opm_otdr_acceptance_test,EXTRA_ASTRI,NOT UPLOADED,0,IGNORE_OR_ADD_TO_ZEYN,
ATP SUBFEEDER - RFS,ABD Core Management Subfeeder,ABD Core Management Subfeeder,as_built_drawing_core_management_subfeeder,YES,NOT UPLOADED,0,AUTO_SYNC,
ATP SUBFEEDER - RFS,ABD Subfeeder DWG,ABD Subfeeder dwg,as_build_drawing_subfeeder_dwg,YES,NOT UPLOADED,0,AUTO_SYNC,
ATP SUBFEEDER - RFS,ABD Subfeeder KMZ,ABD Subfeeder kmz,as_built_drawing_subfeeder_kmz,YES,NOT UPLOADED,0,AUTO_SYNC,
ATP SUBFEEDER - RFS,BoQ Subfeeder ABD,BoQ Subfeeder ABD,build_of_quantity_subfeeder_as_built_drawing,YES,NOT UPLOADED,0,AUTO_SYNC,
ATP SUBFEEDER - RFS,Project Opname Subfeeder,Project Opname Subfeeder,subfeeder_project_opname,YES,NOT UPLOADED,0,AUTO_SYNC,
ATP SUBFEEDER - RFS,(tidak ada di ZEYN),BoQ Subfeeder APD,build_of_quantity_subfeeder_as_plan_drawing,EXTRA_ASTRI,APPROVED,1,IGNORE_OR_ADD_TO_ZEYN,
ATP SUBFEEDER - RFS,(tidak ada di ZEYN),Justifikasi Berita Acara Opname,justifikasi_berita_acara_opname,EXTRA_ASTRI,NOT UPLOADED,0,IGNORE_OR_ADD_TO_ZEYN,
