"regional_name","province_name","city_name","team_name","chief","rpm_area","sm_area","spv_area","snd_area","admin_area","snd_ho","rfs_ho","sitac_ho","dc_ho"
"REGIONAL 1","SUMSEL","PRABUMULIH","MITRA","Zulkarnain","8209326","7504021","","","9807922","0011223","8413723","9209823","8818124"
"REGIONAL 1","SUMUT","TEBING TINGGI","","Zulkarnain","","","","","","0011223","8413723","9209823",""
"REGIONAL 1","SUMSEL","PALEMBANG","MITRA","Zulkarnain","8209326","7504021","","","9807922","0011223","8413723","9209823","8818124"
"REGIONAL 1","SUMBAR","PAYAKUMBUH","","Zulkarnain","","","","","","0011223","8413723","9209823",""
"REGIONAL 1","RIAU","PEKANBARU","","Zulkarnain","","","","","","0011223","8413723","9209823",""
"REGIONAL 1","BENGKULU","BENGKULU","","Zulkarnain","","","","","","0011223","8413723","9209823",""
"REGIONAL 1","NAD","ACEH","","","8209326","","","","0214125","0011223","8413723","9209823","8413723"
"REGIONAL 1","NAD","LANGSA","","","8209326","","9314325","","0214125","0011223","8413723","9209823","8413723"
"REGIONAL 1","NAD","LHOKSEUMAWE","","","8209326","","9114425","","0214125","0011223","8413723","9209823","8413723"
"REGIONAL 1","LAMPUNG","LAMPUNG","","","8209326","","9913023","8814624","8814624","0011223","8413723","9209823","8413723"
"REGIONAL 1","JAMBI","JAMBI","","","8209326","6803121","9809023","0007524","0007524","0011223","8413723","9209823","8413723"
"REGIONAL 1","SUMBAR","PADANG","","Zulkarnain","","","","","","0011223","8413723","9209823",""
"REGIONAL 1","SUMSEL","LUBUKLINGGAU","","","8209326","7504021","9811923","","8814624","0011223","8413723","9209823","8818124"
"REGIONAL 1","SUMBAR","BUKITTINGGI","","Zulkarnain","","","","","","0011223","8413723","9209823",""
"REGIONAL 1","SUMSEL","MUSI BANYUASIN","MITRA","Zulkarnain","","","","","","0011223","8413723","9209823",""
"REGIONAL 1","SUMSEL","MUARA ENIM","","Zulkarnain","","","","","","0011223","8413723","9209823",""
"REGIONAL 1","SUMUT","MEDAN","","Zulkarnain","","","","","","0011223","8413723","9209823",""
"REGIONAL 1","SUMUT","PEMATANG SIANTAR","","Zulkarnain","","","","","","0011223","8413723","9209823",""
"REGIONAL 1","KEPRI","BATAM","","Albert","","","","","","0011223","8413723","9209823",""
"REGIONAL 1","RIAU","DUMAI","","Zulkarnain","","","","","","0011223","8413723","9209823",""
"REGIONAL 1","SUMSEL","OGAN KOMERING ILIR","","Zulkarnain","","","","","","0011223","8413723","9209823",""
"REGIONAL 1","SUMSEL","LAHAT","","Zulkarnain","","","","","","0011223","8413723","9209823",""
"REGIONAL 1","RIAU","SIAK","","Zulkarnain","","","","","","0011223","8413723","9209823",""
"REGIONAL 1","RIAU","BENGKALIS","","Zulkarnain","","","","","","0011223","8413723","9209823",""
"REGIONAL 1","SUMUT","KARO","","Zulkarnain","","","","","","0011223","8413723","9209823",""
"REGIONAL 1","SUMUT","LANGKAT","","Zulkarnain","","","","","","0011223","8413723","9209823",""
"REGIONAL 1","SUMBAR","PADANG PARIAMAN","","Zulkarnain","","","","","","0011223","8413723","9209823",""
"REGIONAL 2","BANTEN","CILEGON","MITRA","Albert","","","","","","0011223","8413723","9209823","8413723"
"REGIONAL 2","BANTEN","RANGKASBITUNG","MITRA","Albert","","","","","","0011223","8413723","9209823","8413723"
"REGIONAL 2","DKI","CIBUBUR","MITRA","Albert","","","","","","0011223","8413723","9209823","8413723"
"REGIONAL 2","JABAR","PURWAKARTA","","Albert","","","","","","0011223","8413723","9209823",""
"REGIONAL 2","JABAR","DEPOK","","Albert","","","","","","0011223","8413723","9209823",""
"REGIONAL 2","JABAR","SUBANG","","Albert","","","","","","0011223","8413723","9209823",""
"REGIONAL 2","JABAR","BEKASI","MITRA","Albert","","","","","","0011223","8413723","9209823",""
"REGIONAL 2","JABAR","CIREBON","","Albert","","","","","","0011223","8413723","9209823",""
"REGIONAL 2","JABAR","SUMEDANG","","Albert","","","","","","0011223","8413723","9209823",""
"REGIONAL 2","BANTEN","TANGERANG","","Albert","","","","","","0011223","8413723","9209823",""
"REGIONAL 2","JABAR","GARUT","","Albert","","","","","","0011223","8413723","9209823",""
"REGIONAL 2","JABAR","MAJALENGKA","","Albert","","","","","","0011223","8413723","9209823",""
"REGIONAL 2","JABAR","BANDUNG","MITRA","Albert","","","6700715","","","0011223","8413723","9209823","8413723"
"REGIONAL 2","BANTEN","SERANG","MITRA","Albert","","","","","","0011223","8413723","9209823","8413723"
"REGIONAL 2","JABAR","BOGOR","","Albert","","","","","","0011223","8413723","9209823",""
"REGIONAL 2","JAKARTA","JAKARTA UTARA","","","","","","","","0011223","8413723","9209823","8413723"
"REGIONAL 2","DKI","JAKARTA BARAT","","Albert","","","","","","0011223","8413723","9209823",""
"REGIONAL 2","JABAR","CIANJUR","","Albert","","","","","","0011223","8413723","9209823",""
"REGIONAL 2","DKI","JAKARTA PUSAT","","Albert","","","","","","0011223","8413723","9209823",""
"REGIONAL 2","DKI","JAKARTA SELATAN","","Albert","","","","","","0011223","8413723","9209823",""
"REGIONAL 2","JABAR","SUKABUMI","","Albert","","","","","","0011223","8413723","9209823",""
"REGIONAL 2","JAKARTA","JAKARTA TIMUR","","","","","","","","0011223","8413723","9209823","8413723"
"REGIONAL 2","BANTEN","PANDEGLANG","MITRA","Albert","","","","","","0011223","8413723","9209823","8413723"
"REGIONAL 2","JABAR","CIAMIS","","Albert","","","","","","0011223","8413723","9209823",""
"REGIONAL 2","JABAR","TASIKMALAYA","","Albert","","","","","","0011223","8413723","9209823",""
"REGIONAL 3","JATENG","JEPARA","","","","","","","","0011223","8413723","9209823","0507425"
"REGIONAL 3","JATIM","SIDOARJO","MITRA","IWAN","","9805422","","","","0011223","8413723","9209823","9807622"
"REGIONAL 3","JATENG","BOYOLALI","MITRA","ANDAN","","","","","","0011223","8413723","9209823",""
"REGIONAL 3","JATENG","TEGAL","","","","","","","","0011223","8413723","9209823","0507425"
"REGIONAL 3","JATENG","KENDAL","MITRA","ANDAN","","","","","","0011223","8413723","9209823",""
"REGIONAL 3","JATIM","MOJOKERTO","","IWAN","","","","","","0011223","8413723","9209823",""
"REGIONAL 3","JATENG","SALATIGA","MITRA","ANDAN","","","","","","0011223","8413723","9209823","0507425"
"REGIONAL 3","JATENG","PEKALONGAN","","","","","","","","0011223","8413723","9209823",""
"REGIONAL 3","JATIM","GRESIK","","IWAN","","","","","","0011223","8413723","9209823",""
"REGIONAL 3","JATENG","GORONTALO","","","7728226","9406624","","0207825","0207825","0011223","8413723","9209823","9410923"
"REGIONAL 3","JATENG","CILACAP","","ANDAN","","","","","","0011223","8413723","9209823",""
"REGIONAL 3","JATENG","MAGELANG","","ANDAN","","","","","","0011223","8413723","9209823",""
"REGIONAL 3","JATENG","KLATEN","","","","","8608025","","","0011223","8413723","9209823","0507425"
"REGIONAL 3","JATENG","SOLO","","ANDAN","","","","","","0011223","8413723","9209823",""
"REGIONAL 3","JATENG","PURWOKERTO","","ANDAN","","","","","","0011223","8413723","9209823",""
"REGIONAL 3","NTT","KUPANG","SWK","IWAN","","","9405022","","","0011223","8413723","9209823","9807622"
"REGIONAL 3","JATENG","TEMANGGUNG","MITRA","ANDAN","","","8608025","","","0011223","8413723","9209823","0507425"
"REGIONAL 3","BALI","BALI","","IWAN","","","","","","0011223","8413723","9209823",""
"REGIONAL 3","JATENG","BREBES","","","","","","","","0011223","8413723","9209823","0507425"
"REGIONAL 3","JATIM","SURABAYA","MITRA","IWAN","","9805422","","","","0011223","8413723","9209823","9807622"
"REGIONAL 3","JATENG","KEBUMEN","MITRA","ANDAN","","","8608025","","","0011223","8413723","9209823","0507425"
"REGIONAL 3","JATENG","SEMARANG","MITRA","ANDAN","","","","","","0011223","8413723","9209823","0507425"
"REGIONAL 3","NTB","MATARAM","","IWAN","","","","","","0011223","8413723","9209823",""
"REGIONAL 3","JATENG","PURWOREJO","","","","","8608025","","","0011223","8413723","9209823","0507425"
"REGIONAL 3","JATENG","WONOSOBO","MITRA","ANDAN","","","","","","0011223","8413723","9209823","0507425"
"REGIONAL 3","JATIM","BOJONEGORO","","","","9805422","7611423","9711023","9711023","0011223","8413723","9209823","9807622"
"REGIONAL 3","JATIM","MALANG","","","","9805422","","","","0011223","8413723","9209823","9807622"
"REGIONAL 3","JATENG","PEMALANG","","","","","","","","0011223","8413723","9209823","0507425"
"REGIONAL 3","JATIM","TUBAN","MITRA","IWAN","","9805422","","","","0011223","8413723","9209823","9807622"
"REGIONAL 3","JATENG","BANJARNEGARA","","","","","","","","0011223","8413723","9209823",""
"REGIONAL 3","JATIM","PROBOLINGGO","","","","9805422","","","","0011223","8413723","9209823","9807622"
"REGIONAL 3","DIY","SLEMAN","MITRA","ANDAN","","","","","","0011223","8413723","9209823",""
"REGIONAL 3","JATIM","BANGKALAN","MITRA","IWAN","","9805422","","","","0011223","8413723","9209823","9807622"
"REGIONAL 3","JATIM","BANYUWANGI","MITRA","IWAN","","9805422","","","","0011223","8413723","9209823","9807622"
"REGIONAL 3","JATIM","BLITAR","","","","9805422","6511123","0529326","9805522","0011223","8413723","9209823","9807622"
"REGIONAL 3","JATENG","DEMAK","","","","","","","","0011223","8413723","9209823","0507425"
"REGIONAL 3","JATIM","JEMBER","","","","9805422","","","","0011223","8413723","9209823","9807622"
"REGIONAL 3","JATIM","JOMBANG","MITRA","IWAN","","9805422","6511123","","","0011223","8413723","9209823","9807622"
"REGIONAL 3","JATIM","KEDIRI","MITRA","IWAN","","9805422","6511123","","","0011223","8413723","9209823","9807622"
"REGIONAL 3","JATENG","KUDUS","MITRA","ANDAN","","","","","","0011223","8413723","9209823","0507425"
"REGIONAL 3","JATIM","MADIUN","","","","9805422","8905622","0529326","9805522","0011223","8413723","9209823","9807622"
"REGIONAL 3","JATIM","NGANJUK","MITRA","IWAN","","","","","","0011223","8413723","9209823",""
"REGIONAL 3","JATIM","NGAWI","","IWAN","","","","","","0011223","8413723","9209823",""
"REGIONAL 3","JATIM","PASURUAN","MITRA","IWAN","","","","","","0011223","8413723","9209823",""
"REGIONAL 3","JATENG","PATI","","","","","","","","0011223","8413723","9209823","0507425"
"REGIONAL 3","JATIM","PONOROGO","SWK","IWAN","","9805422","8905622","","","0011223","8413723","9209823","9807622"
"REGIONAL 3","JATENG","SRAGEN","","","","","8608025","","","0011223","8413723","9209823","0507425"
"REGIONAL 3","JATIM","TULUNGAGUNG","","","","9805422","","","","0011223","8413723","9209823","9807622"
"REGIONAL 3","JATENG","CEPU","","ANDAN","","","","","","0011223","8413723","9209823",""
"REGIONAL 3","NTT","BELU (ATAMBUA)","","IWAN","","","","","","0011223","8413723","9209823",""
"REGIONAL 4","KALBAR","SINGKAWANG","","","9603721","8202320","","","9106225","0011223","8413723","9209823","9616324"
"REGIONAL 4","KALTENG","PALANGKARAYA","","","9603721","","","","","0011223","8413723","9209823","9616324"
"REGIONAL 4","KALTIM","BALIKPAPAN","","","9603721","0127224","9916724","9111323","0127224","0011223","8413723","9209823","9616324"
"REGIONAL 4","KALSEL","BANJARMASIN","","","9603721","","9506325","","9814824","0011223","8413723","9209823","9616324"
"REGIONAL 4","KALTIM","SAMARINDA","","","9603721","","9916724","","","0011223","8413723","9209823","9616324"
"REGIONAL 4","KALBAR","PONTIANAK","","","9603721","8202320","","","9106225","0011223","8413723","9209823","9616324"
"REGIONAL 4","KALTIM","KUTAI KARTANEGARA","MITRA","Puji","9603721","","9916724","","","0011223","8413723","9209823","9616324"
"REGIONAL 4","KALTIM","BONTANG","MITRA","Puji","9603721","0127224","","","","0011223","8413723","9209823","9616324"
"REGIONAL 4","KALTENG","KOTAWARINGIN BARAT","MITRA","Puji","9603721","8202821","9928125","","","0011223","8413723","9209823","9616324"
"REGIONAL 5","SULTENG","PALU","","Puji","","","","","","0011223","8413723","9209823",""
"REGIONAL 5","SULSEL","MAKASSAR","","","7728226","8200614","9304922","0104525","0104525","0011223","8413723","9209823","9410923"
"REGIONAL 5","SULTRA","KENDARI","","Puji","","","","","","0011223","8413723","9209823",""
"REGIONAL 5","SULUT","MANADO","","","7728226","","","","","0011223","8413723","9209823","9410923"
"REGIONAL 5","SULUT","BITUNG","MITRA","Puji","7728226","","","","","0011223","8413723","9209823","9410923"
"REGIONAL 5","SULSEL","BONE","MITRA","Puji","7728226","8200614","9304922","0127526","0127526","0011223","8413723","9209823","9410923"
"REGIONAL 5","SULSEL","PAREPARE","MITRA","Puji","7728226","8200614","9625826","0127526","0127526","0011223","8413723","9209823","9410923"
"REGIONAL 5","SULUT","KOTA KOTAMOBAGU","MITRA","Puji","","","","","","0011223","8413723","9209823",""
"REGIONAL 5","SULBAR","POLEWALI MANDAR","MITRA","Puji","7728226","7500815","","0104525","0104525","0011223","8413723","9209823","9410923"
