cutoff_group,cluster_name,cluster_code,regional_name,province_name,city_name,team_name,rpm,sm,spv,status_current,status_bak,status_valsal,status_batch_approval,status_drm,status_atp,status_checklist_document,hp_plan,homepass_bak,homepass_valsal,hp_donasi,homepass_drm,olt_name,ba_open_date,bak_date,valsal_date,submission_date,released_at,drm_date,email_atp_date,actual_atp_date,rfs_date,rfs_cluster_id,remark_general
ATP,KELURAHAN DENGKEK PATI,PTI000198,REGIONAL 3,JATENG,PATI,,,,,ATP,DONE,DONE,RELEASED,DONE,DONE,ON PROGRESS,,,,,591,,,,,,,2/12/2025,7/2/2026,10/2/2026,1/15/2026,,
ATP,KELURAHAN COT CUT ACEH,BNA000326,REGIONAL 1,NAD,ACEH,,,,,ATP,DONE,DONE,RELEASED,DONE,,ON PROGRESS,,,,,432,,,,,,,10/31/2025,,2/27/2026,2/25/2026,,
ATP,PERUMAHAN JEULINGKE RESIDENCE,BNA000129,REGIONAL 1,NAD,ACEH,,,,,ATP,DONE,DONE,RELEASED,DONE,,ON PROGRESS,,,,,500,,,,,,,10/14/2025,,2/27/2026,2/28/2026,,
RFS,TUNGGULPANDEAN RW 01 JEPARA,JPA000331,REGIONAL 3,JATENG,JEPARA,,,,,RFS,DONE,DONE,RELEASED,DONE,,NOT STARTED,,,,,329,,,,,,,2/13/2025,,,4/16/2026,,
RFS,TUNGGULPANDEAN RW 02 JEPARA,JPA000332,REGIONAL 3,JATENG,JEPARA,,,,,RFS,DONE,DONE,RELEASED,DONE,,NOT STARTED,,,,,323,,,,,,,2/13/2025,,,4/27/2026,,
RFS,Perumahan Mapanget Griya 4 Minahasa,MND000086,REGIONAL 5,SULUT,MANADO,,,,,RFS,DONE,DONE,RELEASED,DONE,,NOT STARTED,,,,,282,,,,,,,7/5/2025,4/23/2026,4/23/2026,3/27/2026,,
RFS,PERUMAHAN GRIYA PANIKI INDAH LINGKUNGAN 10 PANIKI BAWAH MANADO,MND000267,REGIONAL 5,SULUT,MANADO,,,,,RFS,DONE,DONE,RELEASED,DONE,,NOT STARTED,,,,,2205,,,,,,,8/12/2025,,,3/31/2026,,
RFS,PERUMAHAN GRIYA PANIKI INDAH LINGKUNGAN 5 BENGKOL MANADO,MND000268,REGIONAL 5,SULUT,MANADO,,,,,RFS,DONE,DONE,RELEASED,DONE,,NOT STARTED,,,,,2647,,,,,,,9/6/2025,,,4/23/2026,,
RFS,PERUMAHAN GRIYA PANIKI INDAH LINGKUNGAN 9 DAN 10 BUHA MANADO,MND000269,REGIONAL 5,SULUT,MANADO,,,,,RFS,DONE,DONE,RELEASED,DONE,,NOT STARTED,,,,,1989,,,,,,,8/16/2025,,,3/31/2026,,
ATP,LEMAHDUWUR RW 02 ADIWERNA,TGL000637,REGIONAL 3,JATENG,TEGAL,,,,,ATP,DONE,DONE,RELEASED,DONE,DONE,ON PROGRESS,,,,,134,,,,,,,11/5/2025,,4/1/2026,2/28/2026,,
ATP,SUREN RW 03 PURWOREJO,,REGIONAL 3,JATENG,PURWOREJO,,,,,ATP,DONE,DONE,RELEASED,DONE,DONE,ON PROGRESS,,,,,331,,,,,,,11/7/2025,,2/9/2026,2/9/2026,,
RFS,PONOROGO RT 01 SAMPAI 07 LUBUKLINGGAU,LLG000091,REGIONAL 1,SUMSEL,LUBUKLINGGAU,,,,,RFS,DONE,DONE,RELEASED,DONE,,NOT STARTED,,,,,1147,,,,,,,7/25/2025,,,4/30/2026,,
ATP,RUKO JBD JAKARTA GARDEN CITY JAKARTA TIMUR,JKT006456,REGIONAL 2,JAKARTA,JAKARTA TIMUR,,,,,ATP,DONE,DONE,RELEASED,DONE,DONE,ON PROGRESS,,,,,137,,,,,,,7/26/2025,,DONE,2/28/2026,,
ATP,OPEN AREA JALAN SAGATANI SINGKAWANG,,REGIONAL 4,KALBAR,SINGKAWANG,,,,,ATP,DONE,DONE,RELEASED,DONE,,ON PROGRESS,,,,,178,,,,,,,11/5/2025,,2/27/2026,2/24/2026,,
RFS,Open Area Jl Kerjokra Bendungan,SGN000491,REGIONAL 3,JATENG,SRAGEN,,,,,RFS,DONE,DONE,RELEASED,DONE,,NOT STARTED,,,,,624,,,,,,,7/28/2025,,,4/30/2026,,
RFS,PAL IX RW 10 PONTIANAK PONTIANAK,PTK000345,REGIONAL 4,KALBAR,PONTIANAK,,,,,RFS,DONE,DONE,RELEASED,DONE,,NOT STARTED,,,,,348,,,,,,,9/11/2025,,,4/17/2026,,
RFS,OPEN AREA JALAN AHMAD YANI SINGKAWANG,SKW000041,REGIONAL 4,KALBAR,SINGKAWANG,,,,,RFS,DONE,DONE,RELEASED,DONE,,NOT STARTED,,,,,,,,,,,,,,,4/11/2026,,
ATP,KELURAHAN PAPPA MAKASSAR,,REGIONAL 5,SULSEL,MAKASSAR,,,,,ATP,DONE,DONE,RELEASED,DONE,DONE,ON PROGRESS,,,,,843,,,,,,,10/16/2025,4/25/2026,4/25/2026,3/31/2026,,
ATP,KELURAHAN PATANI MAKASSAR,,REGIONAL 5,SULSEL,MAKASSAR,,,,,ATP,DONE,DONE,RELEASED,DONE,DONE,ON PROGRESS,,,,,452,,,,,,,11/18/2025,4/8/2026,4/9/2026,3/30/2026,,
RFS,KOMPLEK PERUMAHAN DEPARTEMEN PERHUBUNGAN,JKT004351,REGIONAL 2,JAKARTA,JAKARTA TIMUR,,,,,RFS,DONE,DONE,RELEASED,DONE,,NOT STARTED,,,,,226,,,,,,,1/17/2026,,,4/30/2026,,
RFS,OPEN AREA JALAN PERTANIAN SINGKAWANG,SKW000043,REGIONAL 4,KALBAR,SINGKAWANG,,,,,RFS,DONE,DONE,RELEASED,DONE,,NOT STARTED,,,,,361,,,,,,,12/24/2025,,,4/30/2026,,
RFS,DUSUN GABUNGAN PAYA BUJOK SEULEUMAK LANGSA ,LGS000032,REGIONAL 1,NAD,LANGSA,,,,,RFS,DONE,DONE,RELEASED,DONE,,NOT STARTED,,,,,240,,,,,,,1/12/2026,,,3/16/2026,,
ATP,SIDAHARJA RW 10 SURADADI,TGL000930,REGIONAL 3,JATENG,TEGAL,,,,,ATP,DONE,DONE,RELEASED,DONE,DONE,DONE,,,,,132,,,,,,,12/30/2025,,1/20/2026,1/19/2026,,
ATP,OPEN AREA JALAN PIOLA ISA BOLIHUANGGA GORONTALO,GTO000115,REGIONAL 5,GORONTALO,GORONTALO,,,,,ATP,DONE,DONE,RELEASED,DONE,PUNCLIST,NOT STARTED,,,,,365,,,,,,,1/8/2026,4/23/2026,4/23/2026,3/30/2026,,
ATP,Satreyan RW 08 Kanigoro,BLT000234,REGIONAL 3,JATIM,BLITAR,,,,,ATP,DONE,DONE,RELEASED,DONE,DONE,DONE,,,,,180,,,,,,,1/8/2026,,2/17/2026,2/14/2026,,
ATP,KELURAHAN PADANG REJO LAMPUNG,BDL001436,REGIONAL 1,LAMPUNG,LAMPUNG,,,,,ATP,DONE,DONE,RELEASED,DONE,DONE,ON PROGRESS,,,,,,,,,,,,,,2/3/2026,2/28/2026,,
ATP,DUSUN PAGELARAN LAMPUNG,BDL001437,REGIONAL 1,LAMPUNG,LAMPUNG,,,,,ATP,DONE,DONE,RELEASED,DONE,DONE,ON PROGRESS,,,,,,,,,,,,,,2/3/2026,2/28/2026,,
ATP,Bendungan RW 03 Kedawung,,REGIONAL 3,JATENG,SRAGEN,,,,,ATP,DONE,DONE,RELEASED,DONE,DONE,ON PROGRESS,,,,,260,,,,,,,7/17/2025,,3/9/2026,2/23/2026,,
ATP,MONENG SEPATI RT 02 DAN 03 LUBUKLINGGAU,LLG000036,REGIONAL 1,SUMSEL,LUBUKLINGGAU,,,,,ATP,DONE,DONE,RELEASED,DONE,PUNCLIST,NOT STARTED,,,,,202,,,,,,,12/22/2025,1/10/2026,1/10/2026,1/3/2026,,
ATP,BANJARAGUNG RW 01 TEGAL,TGL001373,REGIONAL 3,JATENG,TEGAL,,,,,ATP,DONE,DONE,RELEASED,DONE,DONE,ON PROGRESS,,,,,,,,,,,,,,4/1/2026,2/24/2026,,
ATP,SUNGAI RENGAS RW 06 PONTIANAK ,PTK000347,REGIONAL 4,KALBAR,PONTIANAK,,,,,ATP,DONE,DONE,RELEASED,DONE,,ON PROGRESS,,,,,1811,,,,,,,10/15/2025,,,2/23/2026,,
ATP,TAMALLAYANG RW 01 SAMPAI 03 MAKASSAR,MKS001573,REGIONAL 5,SULSEL,MAKASSAR,,,,,ATP,DONE,DONE,RELEASED,DONE,DONE,ON PROGRESS,,,,,1302,,,,,,,10/10/2025,,4/9/2026,2/26/2026,,
RFS,PERUMAHAN BUHA GRIYA PERMAI MANADO,MND000055,REGIONAL 5,SULUT,MANADO,,,,,RFS,DONE,DONE,RELEASED,DONE,,NOT STARTED,,,,,617,,,,,,,10/8/2025,,,2/28/2026,,
ATP,KELURAHAN TIBANG BANDA ACEH,4000075467,REGIONAL 1,NAD,ACEH,,,,,ATP,DONE,DONE,RELEASED,DONE,DONE,ON PROGRESS,,,,,852,,,,,,,11/19/2025,1/28/2026,1/28/2026,1/29/2026,,
ATP,JATI RT 05 SAMPAI 12 RW 07,JKT006764,REGIONAL 2,JAKARTA,JAKARTA TIMUR,,,,,ATP,DONE,DONE,RELEASED,DONE,PUNCLIST,NOT STARTED,,,,,337,,,,,,,1/17/2026,,3/2/2026,2/23/2026,,
ATP,JATI RT 01 SAMPAI 03 RW 07,JKT006765,REGIONAL 2,JAKARTA,JAKARTA TIMUR,,,,,ATP,DONE,DONE,RELEASED,DONE,PUNCLIST,NOT STARTED,,,,,193,,,,,,,1/17/2026,,3/4/2026,2/11/2026,,
ATP,DESA PENDOWO BODEH,PML000585,REGIONAL 3,JATENG,PEMALANG,,,,,ATP,DONE,DONE,RELEASED,DONE,DONE,ON PROGRESS,,,,,650,,,,,,,1/9/2026,,2/28/2026,2/25/2026,,
ATP,KARANGTALOK RW 01 SAMPAI RW 06 PEMALANG,PML000537,REGIONAL 3,JATENG,PEMALANG,,,,,ATP,DONE,DONE,RELEASED,DONE,DONE,ON PROGRESS,,,,,614,,,,,,,1/13/2026,,2/28/2026,2/25/2026,,
ATP,MENTOR RW 01 PROBOLINGGO,PBL000302,REGIONAL 3,JATIM,PROBOLINGGO,,,,,ATP,DONE,DONE,RELEASED,DONE,DONE,ON PROGRESS,,,,,267,,,,,,,1/14/2026,3/7/2026,3/9/2026,2/18/2026,,
ATP,MENTOR RW 02 PROBOLINGGO,PBL000303,REGIONAL 3,JATIM,PROBOLINGGO,,,,,ATP,DONE,DONE,RELEASED,DONE,DONE,ON PROGRESS,,,,,219,,,,,,,1/14/2026,3/7/2026,3/9/2026,2/16/2026,,
ATP,MENTOR RW 03 PROBOLINGGO,PBL000304,REGIONAL 3,JATIM,PROBOLINGGO,,,,,ATP,DONE,DONE,RELEASED,DONE,DONE,ON PROGRESS,,,,,143,,,,,,,1/14/2026,3/7/2026,3/9/2026,2/14/2026,,
ATP,MENTOR RW 04 PROBOLINGGO,PBL000305,REGIONAL 3,JATIM,PROBOLINGGO,,,,,ATP,DONE,DONE,RELEASED,DONE,DONE,ON PROGRESS,,,,,170,,,,,,,1/14/2026,3/7/2026,3/9/2026,2/11/2026,,
ATP,KELURAHAN SEURIGET LANGSA ,LGS000035,REGIONAL 1,NAD,LANGSA,,,,,ATP,DONE,DONE,RELEASED,DONE,,ON PROGRESS,,,,,828,,,,,,,1/22/2026,27-Feb-26,2/27/2026,2/27/2026,,
RFS,DUSUN KAMPUNG KRAMAT SIMPANG EMPAT LHOKSEUMAWE ,LSM000018,REGIONAL 1,NAD,LHOKSEUMAWE,,,,,RFS,DONE,DONE,RELEASED,DONE,,NOT STARTED,,,,,882,,,,,,,9/26/2025,,,2/27/2026,,
ATP,DUSUN RAWA SAKTI KEUDE ACEH LHOKSEUMAWE ,LSM000019,REGIONAL 1,NAD,LHOKSEUMAWE,,,,,ATP,DONE,DONE,RELEASED,DONE,DONE,ON PROGRESS,,,,,185,,,,,,,9/26/2025,,DONE,2/27/2026,,
ATP,OPEN AREA JALAN RAJA BILATULO HUTUO GORONTALO,GTO000116,REGIONAL 5,GORONTALO,GORONTALO,,,,,ATP,DONE,DONE,RELEASED,DONE,DONE,ON PROGRESS,,,,,274,,,,,,,1/8/2026,3/12/2026,3/12/2026,2/27/2026,,
ATP,Desa Wailan Tomohon Utara,MND000344,REGIONAL 5,SULUT,MANADO,,,,,ATP,DONE,DONE,RELEASED,DONE,,ON PROGRESS,,,,,544,,,,,,,11/20/2025,,3/9/2026,2/27/2026,,
ATP,Pamengger RW 02 Jatibarang,BBS000301,REGIONAL 3,JATENG,BREBES,,,,,ATP,DONE,DONE,RELEASED,DONE,DONE,DONE,,,,,411,,,,,,,1/13/2026,,2/13/2026,1/31/2026,,
ATP,SUREN RW 05 DAN RW 06 PURWOREJO,PWR000203,REGIONAL 3,JATENG,PURWOREJO,,,,,ATP,DONE,DONE,RELEASED,DONE,DONE,ON PROGRESS,,,,,259,,,,,,,1/10/2026,,3/1/2026,3/8/2026,,
ATP,SUREN RW 01 DAN RW 02 PURWOREJO,PWR000148,REGIONAL 3,JATENG,PURWOREJO,,,,,ATP,DONE,DONE,RELEASED,DONE,DONE,ON PROGRESS,,,,,187,,,,,,,1/10/2026,,3/1/2026,2/28/2026,,
ATP,Satreyan RW 04 Kanigoro,BLT000232,REGIONAL 3,JATIM,BLITAR,,,,,ATP,DONE,DONE,RELEASED,DONE,DONE,ON PROGRESS,,,,,521,,,,,,,1/20/2026,,4/24/2026,2/23/2026,,
ATP,Satreyan RW 09 Kanigoro,BLT000235,REGIONAL 3,JATIM,BLITAR,,,,,ATP,DONE,DONE,RELEASED,DONE,DONE,ON PROGRESS,,,,,188,,,,,,,1/8/2026,,2/18/2026,2/15/2026,,
ATP,Lingkungan 3 Tanjungsari,BDL000693,REGIONAL 1,LAMPUNG,LAMPUNG,,,,,ATP,DONE,DONE,RELEASED,DONE,,ON PROGRESS,,,,,257,,,,,,,2/11/2026,,3/27/2026,3/28/2026,,
ATP,Lingkungan 4 Tanjungsari,BDL000693,REGIONAL 1,LAMPUNG,LAMPUNG,,,,,ATP,DONE,DONE,RELEASED,DONE,,ON PROGRESS,,,,,173,,,,,,,2/11/2026,,3/27/2026,3/28/2026,,
RFS,TUNGGULPANDEAN RW 03 JEPARA,JPA000323,REGIONAL 3,JATENG,JEPARA,,,,,RFS,DONE,DONE,RELEASED,DONE,,NOT STARTED,,,,,439,,,,,,,2/6/2026,,,4/16/2026,,
ATP,TLEKUNG RW 06 MALANG,MLG000310,REGIONAL 3,JATIM,MALANG,,,,,ATP,DONE,DONE,RELEASED,DONE,DONE,ON PROGRESS,,,,,177,,,,,,,2/12/2026,,4/29/2026,3/30/2026,,
ATP,KELURAHAN KARANG ANYAR LANGSA ,LGS000026,REGIONAL 1,NAD,LANGSA,,,,,ATP,DONE,DONE,RELEASED,DONE,,ON PROGRESS,,,,,976,,,,,,,2/12/2026,4/24/2026,4/24/2026,4/24/2026,,
ATP,SATREYAN RW 07 BLITAR,BLT000389,REGIONAL 3,JATIM,BLITAR,,,,,ATP,DONE,DONE,RELEASED,DONE,DONE,ON PROGRESS,,,,,223,,,,,,,1/29/2026,,4/27/2026,2/25/2026,,
ATP,KELURAHAN LAM REH ACEH,BNA000244,REGIONAL 1,NAD,ACEH,,,,,ATP,DONE,DONE,RELEASED,DONE,,ON PROGRESS,,,,,198,,,,,,,9/10/2025,1/31/2026,1/31/2026,1/31/2026,,
RFS,UTERAN RW 03 GEGERTAN,,REGIONAL 3,JATIM,MADIUN,,,,,RFS,DONE,DONE,RELEASED,DONE,,NOT STARTED,,,,,,,,,,,,,,,3/17/2026,,
ATP,Kroyo RW 11 Karangmalang,,REGIONAL 3,JATENG,SRAGEN,,,,,ATP,DONE,DONE,RELEASED,DONE,DONE,ON PROGRESS,,,,,79,,,,,,,5/23/2025,,3/1/2026,1/19/2026,,
ATP,Plumbungan RW 06 Karangmalang,,REGIONAL 3,JATENG,SRAGEN,,,,,ATP,DONE,DONE,RELEASED,DONE,,ON PROGRESS,,,,,356,,,,,,,6/14/2025,,3/9/2026,1/31/2026,,
ATP,Sine Dusun Ngablak Sragen,,REGIONAL 3,JATENG,SRAGEN,,,,,ATP,DONE,DONE,RELEASED,DONE,DONE,ON PROGRESS,,,,,100,,,,,,,6/10/2025,,3/9/2026,1/31/2026,,
ATP,MEGER RW 03 KLATEN,KLN001355,REGIONAL 3,JATENG,KLATEN,,,,,ATP,DONE,DONE,RELEASED,DONE,,ON PROGRESS,,,,,245,,,,,,,4/23/2025,,3/9/2026,1/31/2026,,
ATP,MEGER RW 05 KLATEN,KLN001356,REGIONAL 3,JATENG,KLATEN,,,,,ATP,DONE,DONE,RELEASED,DONE,,ON PROGRESS,,,,,172,,,,,,,4/23/2025,,3/9/2026,1/31/2026,,
ATP,Rengaspendawa RW 06 Larangan,BBS000348,REGIONAL 3,JATENG,BREBES,,,,,ATP,DONE,DONE,RELEASED,DONE,DONE,ON PROGRESS,,,,,437,,,,,,,10/25/2025,,2/13/2026,1/30/2026,,
ATP,RANDUPUTIH RW 01 DAN 02 PROBOLINGGO,PBL000287,REGIONAL 3,JATIM,PROBOLINGGO,,,,,ATP,DONE,DONE,RELEASED,DONE,,ON PROGRESS,,,,,411,,,,,,,2/12/2026,4/16/2026,4/16/2026,3/31/2026,,
ATP,PERUMAHAN AMUNTAI,JMB000041,REGIONAL 1,JAMBI,JAMBI,,,,,ATP,DONE,DONE,RELEASED,DONE,DONE,ON PROGRESS,,,,,441,,,,,,,2/12/2026,4/17/2026,4/18/2026,3/16/2026,,
ATP,KELURAHAN TANJUNG PINANG PALANGKARAYA,PLK000146,REGIONAL 4,KALTENG,PALANGKARAYA,,,,,ATP,DONE,DONE,RELEASED,DONE,DONE,ON PROGRESS,,,,,1588,,,,,,,10/10/2025,,2/23/2026,1/2/2026,,
ATP,Perum Samarinda City,,REGIONAL 4,KALTIM,SAMARINDA,,,,,ATP,DONE,DONE,RELEASED,DONE,DONE,DONE,,,,,,,,,,,,,,2/2/2026,1/13/2026,,
ATP,"SAMBOJA KUALA RT 03, 04, 15, DAN 16 KUTAI KARTANEGARA",4000090080,REGIONAL 4,KALTIM,BALIKPAPAN,,,,,ATP,DONE,DONE,RELEASED,DONE,DONE,ON PROGRESS,,,,,533,,,,,,,11/14/2025,,2/27/2026,1/31/2026,,
RFS,KELURAHAN BIREM PUNTONG LANGSA,LGS000027,REGIONAL 1,NAD,LANGSA,,,,,RFS,DONE,DONE,RELEASED,DONE,,NOT STARTED,,,,,984,,,,,,,2/16/2026,,,3/31/2026,,
ATP,PERUMAHAN GREEN PURNAMA JAMBI,JMB001224,REGIONAL 1,JAMBI,JAMBI,,,,,ATP,DONE,DONE,RELEASED,DONE,DONE,ON PROGRESS,,,,,145,,,,,,,2/16/2026,4/17/2026,4/18/2026,3/30/2026,,
ATP,PERUMAHAN GRAHA TENGGELA INDAH DSK GORONTALO,GTO000095,REGIONAL 5,GORONTALO,GORONTALO,,,,,ATP,DONE,DONE,RELEASED,DONE,DONE,ON PROGRESS,,,,,,,,,,,,,3/12/2026,3/12/2026,1/2/2026,,
ATP,KELURAHAN SEMLARAN BOJONEGORO,BJN000391,REGIONAL 3,JATIM,BOJONEGORO,,,,,ATP,DONE,DONE,RELEASED,DONE,DONE,ON PROGRESS,,,,,261,,,,,,,12/12/2025,1/28/2026,3/8/2026,1/5/2026,,
ATP,Open Area Jl Banua Anyar Banjarmasin Timur,BJM000833,REGIONAL 4,KALSEL,BANJARMASIN,,,,,ATP,DONE,DONE,RELEASED,DONE,DONE,ON PROGRESS,,,,,300,,,,,,,12/18/2025,1/26/2026,1/23/2026,1/23/2026,,
ATP,PERUMAHAN PESONA AKBAR ASRI 6 JAMBI,JMB001170,REGIONAL 1,JAMBI,JAMBI,,,,,ATP,DONE,DONE,RELEASED,DONE,DONE,ON PROGRESS,,,,,60,,,,,,,12/22/2025,,2/24/2026,1/26/2026,,
ATP,PERUMAHAN PERMATA LAND BLOK ONIX JAMBI,JMB001166,REGIONAL 1,JAMBI,JAMBI,,,,,ATP,DONE,DONE,RELEASED,DONE,DONE,ON PROGRESS,,,,,332,,,,,,,1/9/2026,,2/22/2026,1/31/2026,,
ATP,PERUMAHAN DIAMOND LAND DSK JAMBI,JMB001167,REGIONAL 1,JAMBI,JAMBI,,,,,ATP,DONE,DONE,RELEASED,DONE,DONE,ON PROGRESS,,,,,101,,,,,,,12/22/2025,,2/22/2026,1/28/2026,,
ATP,BAGAN PETE RT 65 JAMBI,JMB000829,REGIONAL 1,JAMBI,JAMBI,,,,,ATP,DONE,DONE,RELEASED,DONE,DONE,ON PROGRESS,,,,,140,,,,,,,12/23/2025,2/2/2026,2/22/2026,1/28/2026,,
ATP,PAGUMENGAN MAS RW 07 PEKALONGAN,PKL000739,REGIONAL 3,JATENG,PEKALONGAN,,,,,ATP,DONE,DONE,RELEASED,DONE,DONE,DONE,,,,,100,,,,,,,12/24/2025,,2/4/2026,1/30/2026,,
ATP,KLAREYAN RW 03 PETARUKAN,PML000457,REGIONAL 3,JATENG,PEMALANG,,,,,ATP,DONE,DONE,RELEASED,DONE,DONE,DONE,,,,,442,,,,,,,12/8/2025,,1/31/2026,1/31/2026,,
ATP,KLAREYAN RW 01 PETARUKAN,PML000529,REGIONAL 3,JATENG,PEMALANG,,,,,ATP,DONE,DONE,RELEASED,DONE,DONE,DONE,,,,,532,,,,,,,12/8/2025,,1/31/2026,1/31/2026,,
ATP,KLAREYAN RW 02 PETARUKAN,PML000532,REGIONAL 3,JATENG,PEMALANG,,,,,ATP,DONE,DONE,RELEASED,DONE,DONE,DONE,,,,,614,,,,,,,12/8/2025,,1/31/2026,1/31/2026,,
ATP,KLAREYAN RW 04 PETARUKAN,PML000533,REGIONAL 3,JATENG,PEMALANG,,,,,ATP,DONE,DONE,RELEASED,DONE,DONE,DONE,,,,,351,,,,,,,12/8/2025,,1/31/2026,1/31/2026,,
ATP,SABARU RW 01 PALANGKARAYA,PLK000133,REGIONAL 4,KALTENG,PALANGKARAYA,,,,,ATP,DONE,DONE,RELEASED,DONE,DONE,ON PROGRESS,,,,,858,,,,,,,11/4/2025,,1/2/2026,1/31/2026,,
ATP,OPEN AREA JL HIDAYATUSSHIBYAN KALIMATI,TGL000399,REGIONAL 3,JATENG,TEGAL,,,,,ATP,DONE,DONE,RELEASED,DONE,DONE,ON PROGRESS,,,,,240,,,,,,,12/31/2025,,2/12/2026,1/30/2026,,
ATP,DESA BANJARTURI TEGAL,TGL001302,REGIONAL 3,JATENG,TEGAL,,,,,ATP,DONE,DONE,RELEASED,DONE,DONE,DONE,,,,,734,,,,,,,12/12/2025,,2/13/2026,1/30/2026,,
ATP,Pelambuan RW 02 Banjarmasin Barat,BJM000555,REGIONAL 4,KALSEL,BANJARMASIN,,,,,ATP,DONE,DONE,RELEASED,DONE,DONE,DONE,,,,,194,,,,,,,1/20/2026,,1/30/2026,1/30/2026,,
ATP,"LOA BAKUNG RT 82, 69, 76, 22, DAN 21 SAMARINDA",SMR000399,REGIONAL 4,KALTIM,SAMARINDA,,,,,ATP,DONE,DONE,RELEASED,DONE,DONE,DONE,,,,,744,,,,,,,1/9/2026,,2/2/2026,1/29/2026,,
ATP,KEDOKAN SAYANG RW 02 TARUB,TGL000891,REGIONAL 3,JATENG,TEGAL,,,,,ATP,DONE,DONE,RELEASED,DONE,DONE,ON PROGRESS,,,,,,,,,,,,,,2/12/2026,1/27/2026,,
ATP,OPEN AREA JL KEDOKAN SAYANG TARUB,TGL000969,REGIONAL 3,JATENG,TEGAL,,,,,ATP,DONE,DONE,RELEASED,DONE,DONE,ON PROGRESS,,,,,,,,,,,,,,2/12/2026,1/27/2026,,
ATP,"MELAYU ILIR RT 01, 02, DAN 03 ASTAMBUL BANJARMASIN",BJM001347,REGIONAL 4,KALSEL,BANJARMASIN,,,,,ATP,DONE,DONE,RELEASED,DONE,DONE,ON PROGRESS,,,,,,,,,,,,1/26/2026,,1/30/2026,1/30/2026,,
ATP,SUNTER AGUNG RW 06,JKT002195,REGIONAL 2,JAKARTA,JAKARTA UTARA,,,,,ATP,DONE,DONE,RELEASED,DONE,DONE,ON PROGRESS,,,,,554,,,,,,,1/26/2026,,3/2/2026,1/31/2026,,
ATP,KASANG LOPAK ALAI RT 10 JAMBI,JMB001231,REGIONAL 1,JAMBI,JAMBI,,,,,ATP,DONE,DONE,RELEASED,DONE,DONE,ON PROGRESS,,,,,106,,,,,,,1/30/2026,,3/2/2026,1/31/2026,,
ATP,KLOROGAN RW 03 GEGER,,REGIONAL 3,JATIM,MADIUN,,,,,ATP,DONE,DONE,RELEASED,DONE,PUNCLIST,NOT STARTED,,,,,134,,,,,,,1/31/2026,,2/20/2026,1/31/2026,,
ATP,Satreyan RW 01 Kanigoro,BLT000231,REGIONAL 3,JATIM,BLITAR,,,,,ATP,DONE,DONE,RELEASED,DONE,DONE,ON PROGRESS,,,,,247,,,,,,,1/7/2026,2/4/2026,2/16/2026,2/3/2026,,
RFS,Klorogan RW 02 Geger,MAD000270,REGIONAL 3,JATIM,MADIUN,,,,,RFS,DONE,DONE,RELEASED,DONE,,NOT STARTED,,,,,175,,,,,,,2/20/2026,,,4/8/2026,,
ATP,BUKIT PINANG RT 14 SAMPAI 17 SAMARINDA,SMR000617,REGIONAL 4,KALTIM,SAMARINDA,,,,,ATP,DONE,DONE,RELEASED,DONE,DONE,ON PROGRESS,,,,,849,,,,,,,2/20/2026,,3/20/2026,3/30/2026,,
RFS,SIRING AGUNG RT 01 SAMPAI 04 LUBUKLINGGAU,LLG000093,REGIONAL 1,SUMSEL,LUBUKLINGGAU,,,,,RFS,DONE,DONE,RELEASED,DONE,,NOT STARTED,,,,,608,,,,,,,2/23/2026,,,3/30/2026,,
RFS,Ngaglik RW 01 Srengat,BLT000285,REGIONAL 3,JATIM,BLITAR,,,,,RFS,DONE,DONE,RELEASED,DONE,,NOT STARTED,,,,,279,,,,,,,2/24/2026,,,4/18/2026,,
ATP,PILANGREJO RW 05 DAN RW 06 DEMAK,DMK001641,REGIONAL 3,JATENG,DEMAK,,,,,ATP,DONE,DONE,RELEASED,DONE,,ON PROGRESS,,,,,311,,,,,,,2/24/2026,,4/14/2026,4/13/2026,,
ATP,DUSUN DRONO DEMAK,DMK001642,REGIONAL 3,JATENG,DEMAK,,,,,ATP,DONE,DONE,RELEASED,DONE,DONE,ON PROGRESS,,,,,180,,,,,,,2/24/2026,,4/13/2026,3/17/2026,,
RFS,KELURAHAN SELOGABUS PARENGAN TUBAN,BJN000405,REGIONAL 3,JATIM,BOJONEGORO,,,,,RFS,DONE,DONE,RELEASED,DONE,,NOT STARTED,,,,,818,,,,,,,2/25/2026,,5/9/2026,4/13/2026,,
ATP,NEGLA RW 14 BREBES,BBS000939,REGIONAL 3,JATENG,BREBES,,,,,ATP,DONE,DONE,RELEASED,DONE,DONE,ON PROGRESS,,,,,126,,,,,,,2/26/2026,,4/30/2026,4/19/2026,,
ATP,NEGLA RW 13 BREBES,BBS001035,REGIONAL 3,JATENG,BREBES,,,,,ATP,DONE,DONE,RELEASED,DONE,DONE,ON PROGRESS,,,,,107,,,,,,,2/26/2026,,4/30/2026,4/20/2026,,
ATP,NEGLA RW 11 BREBES,BBS000940,REGIONAL 3,JATENG,BREBES,,,,,ATP,DONE,DONE,RELEASED,DONE,DONE,ON PROGRESS,,,,,148,,,,,,,2/26/2026,,4/30/2026,4/20/2026,,
ATP,NEGLA RW 10 BREBES,BBS001034,REGIONAL 3,JATENG,BREBES,,,,,ATP,DONE,DONE,RELEASED,DONE,DONE,ON PROGRESS,,,,,230,,,,,,,2/26/2026,,4/30/2026,4/20/2026,,
ATP,NEGLA RW 06 BREBES,BBS000937,REGIONAL 3,JATENG,BREBES,,,,,ATP,DONE,DONE,RELEASED,DONE,DONE,ON PROGRESS,,,,,240,,,,,,,2/26/2026,,4/30/2026,4/19/2026,,
ATP,NEGLA RW 05 BREBES,BBS000748,REGIONAL 3,JATENG,BREBES,,,,,ATP,DONE,DONE,RELEASED,DONE,DONE,ON PROGRESS,,,,,238,,,,,,,2/26/2026,,4/30/2026,3/18/2026,,
ATP,NEGLA RW 03 BREBES,BBS001033,REGIONAL 3,JATENG,BREBES,,,,,ATP,DONE,DONE,RELEASED,DONE,DONE,ON PROGRESS,,,,,118,,,,,,,2/26/2026,,4/30/2026,3/18/2026,,
ATP,NEGLA RW 12 BREBES,BBS000693,REGIONAL 3,JATENG,BREBES,,,,,ATP,DONE,DONE,RELEASED,DONE,DONE,ON PROGRESS,,,,,204,,,,,,,2/28/2026,,4/22/2026,4/20/2026,,
ATP,PILANGREJO RW 07 DEMAK,DMK001652,REGIONAL 3,JATENG,DEMAK,,,,,ATP,DONE,DONE,RELEASED,DONE,DONE,ON PROGRESS,,,,,425,,,,,,,3/5/2026,,4/13/2026,3/28/2026,,
ATP,BANARAN RW 02 GEGER,,REGIONAL 3,JATIM,MADIUN,,,,,ATP,DONE,DONE,RELEASED,DONE,,ON PROGRESS,,,,,,,,,,,,,,2/20/2026,2/11/2026,,
ATP,Satreyan RW 06 Kanigoro,BLT000233,REGIONAL 3,JATIM,BLITAR,,,,,ATP,DONE,DONE,RELEASED,DONE,DONE,ON PROGRESS,,,,,296,,,,,,,2/2/2026,,4/25/2026,2/25/2026,,
ATP,RAWA MAKMUR RT 45 SAMPAI RT 47 DAN RT 49 SAMARINDA,SMR000528,REGIONAL 4,KALTIM,SAMARINDA,,,,,ATP,DONE,DONE,RELEASED,DONE,DONE,ON PROGRESS,,,,,156,,,,,,,2/4/2026,,2/28/2026,2/20/2026,,
ATP,WONOKERTO RW 04 DEMAK,DMK001586,REGIONAL 3,JATENG,DEMAK,,,,,ATP,DONE,DONE,RELEASED,DONE,DONE,ON PROGRESS,,,,,107,,,,,,,2/10/2026,,3/9/2026,2/28/2026,,
ATP,WONOKERTO RW 01 SAMPAI 03 DEMAK,DMK001584,REGIONAL 3,JATENG,DEMAK,,,,,ATP,DONE,DONE,RELEASED,DONE,DONE,ON PROGRESS,,,,,373,,,,,,,2/10/2026,,3/9/2026,2/28/2026,,
ATP,OPEN AREA JALAN RAYA PANTURA KARANGTOWO DEMAK,DMK001583,REGIONAL 3,JATENG,DEMAK,,,,,ATP,DONE,DONE,RELEASED,DONE,DONE,ON PROGRESS,,,,,295,,,,,,,2/10/2026,,3/10/2026,2/28/2026,,
ATP,KARANGTOWO RW 01 DEMAK,DMK001580,REGIONAL 3,JATENG,DEMAK,,,,,ATP,DONE,DONE,RELEASED,DONE,DONE,ON PROGRESS,,,,,254,,,,,,,2/11/2026,,3/10/2026,2/28/2026,,
ATP,PERUMAHAN CITRA DAMAI 2 KEDUNGWARU TULUNGAGUNG,TLG000403,REGIONAL 3,JATIM,TULUNGAGUNG,,,,,ATP,DONE,DONE,RELEASED,DONE,DONE,ON PROGRESS,,,,,319,,,,,,,2/2/2026,,3/4/2026,2/26/2026,,
ATP,MENTOR RW 05 PROBOLINGGO,PBL000306,REGIONAL 3,JATIM,PROBOLINGGO,,,,,ATP,DONE,DONE,RELEASED,DONE,DONE,ON PROGRESS,,,,,181,,,,,,,2/5/2026,,3/10/2026,2/20/2026,,
ATP,PERUMAHAN GRIYA BATANG HARI 8 JAMBI,JMB001178,REGIONAL 1,JAMBI,JAMBI,,,,,ATP,DONE,DONE,RELEASED,DONE,DONE,ON PROGRESS,,,,,103,,,,,,,2/11/2026,4/1/2026,4/1/2026,2/28/2026,,
ATP,PERUMAHAN D'GREEN TANGKIT JAMBI,JMB001232,REGIONAL 1,JAMBI,JAMBI,,,,,ATP,DONE,DONE,RELEASED,DONE,DONE,ON PROGRESS,,,,,65,,,,,,,2/9/2026,4/1/2026,4/1/2026,2/27/2026,,
ATP,PASIR PANJANG RT 05 JAMBI,JMB001199,REGIONAL 1,JAMBI,JAMBI,,,,,ATP,DONE,DONE,RELEASED,DONE,DONE,ON PROGRESS,,,,,235,,,,,,,2/9/2026,,18-Feb-26,2/18/2026,,
ATP,DESA SIMPANG KUBU KANDANG PEMAYUNG JAMBI,JMB001229,REGIONAL 1,JAMBI,JAMBI,,,,,ATP,DONE,DONE,RELEASED,DONE,DONE,ON PROGRESS,,,,,530,,,,,,,2/10/2026,4/17/2026,4/17/2026,2/28/2026,,
ATP,KARANGJUNTI RW 05 BREBES,BBS000801,REGIONAL 3,JATENG,BREBES,,,,,ATP,DONE,DONE,RELEASED,DONE,DONE,DONE,,,,,75,,,,,,,2/4/2026,,2/28/2026,2/27/2026,,
ATP,KARANGJUNTI RW 04 BREBES,BBS000751,REGIONAL 3,JATENG,BREBES,,,,,ATP,DONE,DONE,RELEASED,DONE,DONE,ON PROGRESS,,,,,226,,,,,,,2/4/2026,,4/13/2026,3/16/2026,,
ATP,KARANGJUNTI RW 03 BREBES,BBS000945,REGIONAL 3,JATENG,BREBES,,,,,ATP,DONE,DONE,RELEASED,DONE,DONE,DONE,,,,,128,,,,,,,2/4/2026,,2/28/2026,2/27/2026,,
ATP,KARANGJUNTI RW 02 BREBES,BBS000944,REGIONAL 3,JATENG,BREBES,,,,,ATP,DONE,DONE,RELEASED,DONE,DONE,DONE,,,,,64,,,,,,,2/4/2026,,2/28/2026,2/26/2026,,
ATP,KARANGJUNTI RW 01 BREBES,BBS000946,REGIONAL 3,JATENG,BREBES,,,,,ATP,DONE,DONE,RELEASED,DONE,DONE,ON PROGRESS,,,,,124,,,,,,,2/4/2026,,2/28/2026,2/26/2026,,
ATP,PARAKANCANGGAH RW 11 BANJARNEGARA,BNR000042,REGIONAL 3,JATENG,BANJARNEGARA,,,,,ATP,DONE,DONE,RELEASED,DONE,,ON PROGRESS,,,,,136,,,,,,,2/11/2026,,4/15/2026,2/26/2026,,
ATP,SUMBEREJO RW 03 GEGER,,REGIONAL 3,JATIM,MADIUN,,,,,ATP,DONE,DONE,RELEASED,DONE,,ON PROGRESS,,,,,,,,,,,,,,2/21/2026,2/20/2026,,
ATP,SIMPANG 3 SIPIN RT 33 JAMBI,JMB001244,REGIONAL 1,JAMBI,JAMBI,,,,,ATP,DONE,DONE,RELEASED,DONE,DONE,ON PROGRESS,,,,,127,,,,,,,2/12/2026,4/1/2026,4/1/2026,2/28/2026,,
ATP,DESA TAMBAK ANYAR ILIR BANJARMASIN,BJM001214,REGIONAL 4,KALSEL,BANJARMASIN,,,,,ATP,DONE,DONE,RELEASED,DONE,DONE,ON PROGRESS,,,,,300,,,,,,,2/16/2026,,2/26/2026,2/26/2026,,
ATP,TERITIP RT 05 BALIKPAPAN,BPP000895,REGIONAL 4,KALTIM,BALIKPAPAN,,,,,ATP,DONE,DONE,RELEASED,DONE,,ON PROGRESS,,,,,192,,,,,,,2/19/2026,,2/28/2026,2/27/2026,,
ATP,BUKIT TUNGGAL RT 05 RW 14 PALANGKARAYA,PLK000176,REGIONAL 4,KALTENG,PALANGKARAYA,,,,,ATP,DONE,DONE,RELEASED,DONE,DONE,ON PROGRESS,,,,,204,,,,,,,2/22/2026,,2-Feb-26,2/27/2026,,
ATP,Perumahan Kalisemi Indah Parakancanggah,BNR000048,REGIONAL 3,JATENG,BANJARNEGARA,,,,,ATP,DONE,DONE,RELEASED,DONE,,ON PROGRESS,,,,,221,,,,,,,2/24/2026,,4/15/2026,2/25/2026,,
ATP,KARANGTALOK RW 07 SAMPAI RW 12 PEMALANG,PML000556,REGIONAL 3,JATENG,PEMALANG,,,,,ATP,DONE,DONE,RELEASED,DONE,DONE,DONE,,,,,652,,,,,,,2/26/2026,,2/28/2026,2/27/2026,,
ATP,KARANGWAGE RW 02 PATI,PTI000379,REGIONAL 3,JATENG,PATI,,,,,ATP,DONE,DONE,RELEASED,DONE,DONE,ON PROGRESS,,,,,207,,,,,,,2/23/2026,,12/Mar//26,2/26/2026,,
ATP,KARANGWAGE RW 01 PATI,PTI000378,REGIONAL 3,JATENG,PATI,,,,,ATP,DONE,DONE,RELEASED,DONE,DONE,ON PROGRESS,,,,,123,,,,,,,2/23/2026,,3/12/2026,2/28/2026,,
ATP,MENTENG RT 08 RW 13 PALANGKARAYA,PLK000178,REGIONAL 4,KALTENG,PALANGKARAYA,,,,,ATP,DONE,DONE,RELEASED,DONE,DONE,ON PROGRESS,,,,,252,,,,,,,2/26/2026,,2/2/2026,2/28/2026,,
ATP,SATREYAN RW 02 DAN 03 BLITAR,,REGIONAL 3,JATIM,BLITAR,,,,,ATP,DONE,DONE,RELEASED,DONE,DONE,ON PROGRESS,,,,,,,,,,,,,,4/25/2026,3/5/2026,,
ATP,DUSUN KREONGAN ATAS JEMBERLOR JEMBER,JMR000501,REGIONAL 3,JATIM,JEMBER,,,,,ATP,DONE,DONE,RELEASED,DONE,,ON PROGRESS,,,,,312,,,,,,,3/2/2026,4/30/2026,5/4/2026,3/8/2026,,
RFS,DUSUN PERTAMINA HAGU TEUNGOH LHOKSEUMAWE,LSM000068,REGIONAL 1,NAD,LHOKSEUMAWE,,,,,RFS,DONE,DONE,RELEASED,DONE,,NOT STARTED,,,,,198,,,,,,,3/9/2026,,,3/31/2026,,
RFS,ROROTAN RT 01 SAMPAI 12 RW 05 JAKARTA UTARA,,REGIONAL 2,JAKARTA,JAKARTA UTARA,,,,,RFS,DONE,DONE,RELEASED,DONE,,NOT STARTED,,,,,363,,,,,,,3/16/2026,,,3/30/2026,,
RFS,"PENGGILINGAN RT 08, 09, DAN 12 RW 03 JAKARTA TIMUR",JKT006840,REGIONAL 2,JAKARTA,JAKARTA TIMUR,,,,,RFS,DONE,DONE,RELEASED,DONE,,NOT STARTED,,,,,132,,,,,,,3/14/2026,,,3/31/2026,,
ATP,NEGLA RW 04 BREBES,BBS000749,REGIONAL 3,JATENG,BREBES,,,,,ATP,DONE,DONE,RELEASED,DONE,DONE,ON PROGRESS,,,,,174,,,,,,,2/27/2026,,4/30/2026,3/18/2026,,
ATP,REJOWINANGUN RW 03 KADEMANGAN BLITAR,BLT000565,REGIONAL 3,JATENG,BLITAR,,,,,ATP,DONE,DONE,RELEASED,DONE,,ON PROGRESS,,,,,210,,,,,,,3/9/2026,4/1/2026,4/2/2026,3/31/2026,,
ATP,REJOWINANGUN RW 04 KADEMANGAN,BLT000228,REGIONAL 3,JATENG,BLITAR,,,,,ATP,DONE,DONE,RELEASED,DONE,,ON PROGRESS,,,,,200,,,,,,,3/9/2026,4/1/2026,4/2/2026,3/31/2026,,
ATP,PERUMAHAN MUTIARA INDAH BINTORO,JMR000306,REGIONAL 3,JATENG,JEMBER,,,,,ATP,DONE,DONE,RELEASED,DONE,,ON PROGRESS,,,,,201,,,,,,,3/3/2026,4/30/2026,5/4/2026,3/28/2026,,
ATP,KLANDASAN ULU RT 03 SAMPAI 22 BALIKPAPAN,BPP000916,REGIONAL 4,KALTIM,BALIKPAPAN,,,,,ATP,DONE,DONE,RELEASED,DONE,,ON PROGRESS,,,,,831,,,,,,,3/2/2026,,,3/27/2026,,
ATP,PERUMAHAN TAMAN INDAH KALFANI GORONTALO,GTO000206,REGIONAL 5,GORONTALO,GORONTALO,,,,,ATP,DONE,DONE,RELEASED,DONE,PUNCLIST,NOT STARTED,,,,,139,,,,,,,1/28/2026,4/23/2026,4/23/2026,3/27/2026,,
ATP,NEGLA RW 01 BREBES,BBS000938,REGIONAL 3,JATENG,BREBES,,,,,ATP,DONE,DONE,RELEASED,DONE,DONE,ON PROGRESS,,,,,235,,,,,,,2/27/2026,,4/30/2026,3/18/2026,,
RFS,Slambur RW 02 Geger,MAD000345,REGIONAL 3,JATIM,MADIUN,,,,,RFS,DONE,DONE,RELEASED,DONE,,NOT STARTED,,,,,205,,,,,,,3/5/2026,,,4/8/2026,,
ATP,JEBED UTARA RW 12 PEMALANG,PML000408,REGIONAL 3,JATENG,PEMALANG,,,,,ATP,DONE,DONE,RELEASED,DONE,,ON PROGRESS,,,,,142,,,,,,,10/13/2025,,4/14/2026,4/15/2026,,
ATP,KARANGWULUH RW 02 PURWOREJO,PWR000315,REGIONAL 3,JATENG,PURWOREJO,,,,,ATP,DONE,DONE,RELEASED,DONE,DONE,ON PROGRESS,,,,,106,,,,,,,3/4/2026,4/25/2026,4/27/2025,4/23/2026,,
ATP,DANASARI RW 08 PEMALANG,PML000414,REGIONAL 3,JATENG,PEMALANG,,,,,ATP,DONE,DONE,RELEASED,DONE,,ON PROGRESS,,,,,133,,,,,,,10/23/2025,,4/14/2026,4/30/2026,,
RFS,DUSUN ANGSANA DAN DUSUN PANTE OE HAGU BARAT LAUT LHOKSEUMAWE,LSM000071,REGIONAL 1,NAD,LHOKSEUMAWE,,,,,RFS,DONE,DONE,RELEASED,DONE,,NOT STARTED,,,,,322,,,,,,,3/9/2026,,,4/15/2026,,
ATP,MANGGAR RT 06 BALIKPAPAN,BPP000896,REGIONAL 4,KALTIM,BALIKPAPAN,,,,,ATP,DONE,DONE,RELEASED,DONE,,ON PROGRESS,,,,,243,,,,,,,3/26/2026,,5/12/2026,4/20/2026,,
ATP,OPEN AREA JALAN TERATAI GEBANG JEMBER,JMR000253,REGIONAL 3,JATIM,JEMBER,,,,,ATP,DONE,DONE,RELEASED,DONE,,ON PROGRESS,,,,,166,,,,,,,3/3/2026,4/30/2026,5/4/2026,4/17/2026,,
ATP,GEBANG RW 24 JEMBER,JMR000206,REGIONAL 3,JATIM,JEMBER,,,,,ATP,DONE,DONE,RELEASED,DONE,,ON PROGRESS,,,,,202,,,,,,,3/3/2026,4/30/2026,5/4/2026,4/18/2026,,
ATP,REJOWINANGUN RW 02 KADEMANGAN,BLT000227,REGIONAL 3,JATIM,BLITAR,,,,,ATP,DONE,DONE,RELEASED,DONE,,ON PROGRESS,,,,,242,,,,,,,3/9/2026,4/27/2026,4/28/2026,4/7/2026,,
ATP,REJOWINANGUN RW 01 KADEMANGAN,BLT000226,REGIONAL 3,JATIM,BLITAR,,,,,ATP,DONE,DONE,RELEASED,DONE,,ON PROGRESS,,,,,260,,,,,,,3/9/2026,4/27/2026,4/28/2026,4/7/2026,,
RFS,SUNGAI TABUK KERAMAT RT 02 BANJARMASIN,BJM001292,REGIONAL 4,KALSEL,BANJARMASIN,,,,,RFS,DONE,DONE,RELEASED,DONE,,NOT STARTED,,,,,318,,,,,,,3/31/2026,,,4/15/2026,,
RFS,SUNGAI TABUK KERAMAT RT 01 BANJARMASIN,BJM001291,REGIONAL 4,KALSEL,BANJARMASIN,,,,,RFS,DONE,DONE,RELEASED,DONE,,NOT STARTED,,,,,300,,,,,,,3/31/2026,,,4/20/2026,,
RFS,LAMPASEH KOTA KUTA RAJA,BNA000072,REGIONAL 1,NAD,ACEH,,,,,RFS,DONE,DONE,RELEASED,DONE,,NOT STARTED,,,,,915,,,,,,,3/11/2026,,,5/8/2026,,
RFS,SUNGAI TABUK KERAMAT RT 03 BANJARMASIN,BJM001293,REGIONAL 4,KALSEL,BANJARMASIN,,,,,RFS,DONE,DONE,RELEASED,DONE,,NOT STARTED,,,,,241,,,,,,,3/31/2026,,,4/10/2026,,
ATP,Lok Bahu RT 46 Sungai Kunjang,SMR000394,REGIONAL 4,KALTIM,SAMARINDA,,,,,ATP,DONE,DONE,RELEASED,DONE,,ON PROGRESS,,,,,252,,,,,,,3/5/2026,5/8/2026,5/11/2026,4/21/2026,,
ATP,LONING RW 03 PETARUKAN,PML000458,REGIONAL 3,JATENG,PEMALANG,,,,,ATP,DONE,DONE,RELEASED,DONE,,ON PROGRESS,,,,,376,,,,,,,3/30/2026,,4/14/2026,4/23/2026,,
ATP,LONING RW 01 PETARUKAN,PML000425,REGIONAL 3,JATENG,PEMALANG,,,,,ATP,DONE,DONE,RELEASED,DONE,,ON PROGRESS,,,,,702,,,,,,,3/27/2026,,4/14/2026,4/23/2026,,
ATP,KENDALDOYONG RW 01 DEMAK,DMK001563,REGIONAL 3,JATENG,DEMAK,,,,,ATP,DONE,DONE,RELEASED,DONE,,ON PROGRESS,,,,,313,,,,,,,3/12/2026,,5/12/2026,4/22/2026,,
ATP,KENDALDOYONG RW 03 DEMAK,DMK001651,REGIONAL 3,JATENG,DEMAK,,,,,ATP,DONE,DONE,RELEASED,DONE,,ON PROGRESS,,,,,146,,,,,,,3/10/2026,,5/12/2026,4/22/2026,,
ATP,KENDALDOYONG RW 04 DEMAK,DMK001520,REGIONAL 3,JATENG,DEMAK,,,,,ATP,DONE,DONE,RELEASED,DONE,,ON PROGRESS,,,,,154,,,,,,,3/12/2026,,5/12/2026,4/24/2026,,
ATP,KENDALDOYONG RW 06 DEMAK,DMK001541,REGIONAL 3,JATENG,DEMAK,,,,,ATP,DONE,DONE,RELEASED,DONE,,ON PROGRESS,,,,,235,,,,,,,3/14/2026,,5/12/2026,4/30/2026,,
RFS,LINGKUNGAN MATAJANG I MANURUNGE BONE,WTP000005,REGIONAL 5,SULSEL,BONE,,,,,RFS,DONE,DONE,RELEASED,DONE,,NOT STARTED,,,,,263,,,,,,,3/31/2026,,,4/30/2026,,
RFS,SUNGAI BATANG RT 01 DAN 02 BANJARMASIN,BJM001351,REGIONAL 4,KALSEL,BANJARMASIN,,,,,RFS,DONE,DONE,RELEASED,DONE,,NOT STARTED,,,,,277,,,,,,,4/1/2026,,,4/28/2026,,
RFS,DUSUN KUPULA KEUDE ACEH LHOKSEUMAWE,LSM000020,REGIONAL 1,NAD,LHOKSEUMAWE,,,,,RFS,DONE,DONE,RELEASED,DONE,,NOT STARTED,,,,,302,,,,,,,4/7/2026,,,4/28/2026,,
RFS,BEGED RW 02 BOJONEGORO,BJN000503,REGIONAL 3,JATIM,BOJONEGORO,,,,,RFS,DONE,DONE,RELEASED,DONE,,NOT STARTED,,,,,290,,,,,,,4/7/2026,,5/9/2026,4/22/2026,,
ATP,Open Area Jl Kasuari Danasari,PML000295,REGIONAL 3,JATENG,PEMALANG,,,,,ATP,DONE,DONE,RELEASED,DONE,,ON PROGRESS,,,,,226,,,,,,,10/25/2025,,4/14/2026,4/21/2026,,
ATP,Open Area Jl Rajawali Danasari,PML000298,REGIONAL 3,JATENG,PEMALANG,,,,,ATP,DONE,DONE,RELEASED,DONE,,ON PROGRESS,,,,,315,,,,,,,10/23/2025,,4/14/2026,4/15/2026,,
ATP,JAHAB RT 01 SAMPAI 03 KUTAI KARTANEGARA,TRG000103,REGIONAL 4,KALTIM,KUTAI KARTANEGARA,,,,,ATP,DONE,DONE,RELEASED,DONE,,ON PROGRESS,,,,,297,,,,,,,4/13/2026,5/8/2026,5/11/2026,4/28/2026,,
ATP,SUMBERJO RW 02 BLITAR,BLT000388,REGIONAL 3,JATIM,BLITAR,,,,,ATP,DONE,DONE,RELEASED,DONE,,ON PROGRESS,,,,,205,,,,,,,4/13/2026,4/27/2026,4/28/2026,4/23/2026,,
ATP,DUSUN TULUNGREJO MADIUN,MAD000532,REGIONAL 3,JATIM,MADIUN,,,,,ATP,DONE,DONE,RELEASED,DONE,,ON PROGRESS,,,,,195,,,,,,,4/13/2026,,DONE,4/25/2026,,
ATP,DUSUN KARANGANYAR MADIUN,MAD000531,REGIONAL 3,JATIM,MADIUN,,,,,ATP,DONE,DONE,RELEASED,DONE,,ON PROGRESS,,,,,195,,,,,,,4/13/2026,,DONE,4/21/2026,,
ATP,BATU AMPAR RT 03 BALIKPAPAN,BPP000891,REGIONAL 4,KALTIM,BALIKPAPAN,,,,,ATP,DONE,DONE,RELEASED,DONE,,ON PROGRESS,,,,,216,,,,,,,4/16/2026,,5/13/2026,4/27/2026,,
ATP,JAHAB RT 04 SAMPAI 06 KUTAI KARTANEGARA,TRG000105,REGIONAL 4,KALTIM,KUTAI KARTANEGARA,,,,,ATP,DONE,DONE,RELEASED,DONE,,ON PROGRESS,,,,,225,,,,,,,4/14/2026,5/8/2026,5/11/2026,4/30/2026,,
RFS,PATRANG RW 01 JEMBER,JMR000348,REGIONAL 3,JATIM,JEMBER,,,,,RFS,DONE,DONE,RELEASED,DONE,,NOT STARTED,,,,,246,,,,,,,4/16/2026,,,4/25/2026,,
RFS,PONDOK MENTARI BALIKPAPAN,BPP000153,REGIONAL 4,KALTIM,BALIKPAPAN,,,,,RFS,DONE,DONE,RELEASED,DONE,,NOT STARTED,,,,,373,,,,,,,4/21/2026,,,4/30/2026,,
ATP,Open Area Jl. Dukuh Tanjang Pertanjungan Petarukan,PML000357,REGIONAL 3,JATENG,PEMALANG,,,,,ATP,DONE,DONE,RELEASED,DONE,,ON PROGRESS,,,,,226,,,,,,,4/23/2026,,5/12/2026,4/30/2026,,
RFS,OPEN AREA JL. SIKOYO PATRANG JEMBER,JMR000279,REGIONAL 3,JATIM,JEMBER,,,,,RFS,DONE,DONE,RELEASED,DONE,,NOT STARTED,,,,,240,,,,,,,4/30/2026,,,4/30/2026,,
RFS,GEBANG RW 10 PATRANG,JMR000157,REGIONAL 3,JATIM,JEMBER,,,,,RFS,DONE,DONE,RELEASED,DONE,,NOT STARTED,,,,,161,,,,,,,4/16/2026,,,4/28/2026,,
ATP,JAHAB RT 14 DAN 18 KUTAI KARTANEGARA,TRG000106,REGIONAL 4,KALTIM,KUTAI KARTANEGARA,,,,,ATP,DONE,DONE,RELEASED,DONE,,ON PROGRESS,,,,,109,,,,,,,4/27/2026,5/8/2026,5/11/2026,4/30/2026,,
ATP,Open Area Jl. Raya Petajungan Petarukan,,REGIONAL 3,JATENG,PEMALANG,,,,,ATP,DONE,DONE,RELEASED,DONE,,ON PROGRESS,,,,,614,,,,,,,4/28/2026,,5/12/2026,4/28/2026,,
IMPLEMENTASI,PERUMAHAN ALAM JUANDA CLUSTER DENVER SIDOARJO,,REGIONAL 3,JATIM,SIDOARJO,,,,,IMPLEMENTASI,DONE,DONE,RELEASED,DONE,,NOT STARTED,,,,,116,,,,,,,11/14/2025,,,,,
IMPLEMENTASI,Buakanna RW.06,MKS000148,REGIONAL 5,SULSEL,MAKASSAR,,,,,IMPLEMENTASI,DONE,DONE,RELEASED,DONE,,NOT STARTED,,,,,480,,,,,,,3/7/2025,,,,,
IMPLEMENTASI,TAMAMAUNG RW 06 MAKASSAR,MKS000684,REGIONAL 5,SULSEL,MAKASSAR,,,,,IMPLEMENTASI,DONE,DONE,RELEASED,DONE,,NOT STARTED,,,,,514,,,,,,,5/13/2025,,,,,
IMPLEMENTASI,Tamamaung RW 05,MKS000683,REGIONAL 5,SULSEL,MAKASSAR,,,,,IMPLEMENTASI,DONE,DONE,RELEASED,DONE,,NOT STARTED,,,,,480,,,,,,,5/13/2025,,,,,
IMPLEMENTASI,RAGEMANUNGGAL RW 03 CIBUBUR,CBR002892,REGIONAL 2,JAKARTA,CIBUBUR,,,,,IMPLEMENTASI,DONE,DONE,RELEASED,DONE,,NOT STARTED,,,,,,,,,,,,,,,,,
IMPLEMENTASI,Ngawonggo RW 01 Ceper,KLN000704,REGIONAL 3,JATENG,KLATEN,,,,,IMPLEMENTASI,DONE,DONE,RELEASED,DONE,,NOT STARTED,,,,,374,,,,,,,3/5/2026,,,,,
IMPLEMENTASI,Ngawonggo RW 06,KLN000705,REGIONAL 3,JATENG,KLATEN,,,,,IMPLEMENTASI,DONE,DONE,RELEASED,DONE,,NOT STARTED,,,,,469,,,,,,,3/5/2026,,,,,
IMPLEMENTASI,NGAWONGGO RW 09 KLATEN,KLN001404,REGIONAL 3,JATENG,KLATEN,,,,,IMPLEMENTASI,DONE,DONE,RELEASED,DONE,,NOT STARTED,,,,,246,,,,,,,3/5/2026,,,,,
IMPLEMENTASI,Parakancanggah RW 07 Banjarnegara,BNR000040,REGIONAL 3,JATENG,BANJARNEGARA,,,,,IMPLEMENTASI,DONE,DONE,RELEASED,DONE,,NOT STARTED,,,,,112,,,,,,,9/10/2025,,,,,
IMPLEMENTASI,OPEN AREA JL. RAYA KEDUNGBOKOR,BBS000293,REGIONAL 3,JATENG,BREBES,,,,,IMPLEMENTASI,DONE,DONE,RELEASED,DONE,,NOT STARTED,,,,,,,,,,,,,,,,,
IMPLEMENTASI,PERUMAHAN PURI HALIM 4 JAMBI,JMB001159,REGIONAL 1,JAMBI,JAMBI,,,,,IMPLEMENTASI,DONE,DONE,RELEASED,DONE,,NOT STARTED,,,,,137,,,,,,,12/22/2025,,,,,
IMPLEMENTASI,LENGKONG RW 01 TEGAL,TGL001278,REGIONAL 3,JATENG,TEGAL,,,,,IMPLEMENTASI,DONE,DONE,RELEASED,DONE,,NOT STARTED,,,,,221,,,,,,,12/10/2025,,,,,
IMPLEMENTASI,LENGKONG RW 03 TEGAL,TGL001380,REGIONAL 3,JATENG,TEGAL,,,,,IMPLEMENTASI,DONE,DONE,RELEASED,DONE,,NOT STARTED,,,,,210,,,,,,,12/10/2025,,,,,
IMPLEMENTASI,BOJONG RW 01 TEGAL,TGL001377,REGIONAL 3,JATENG,TEGAL,,,,,IMPLEMENTASI,DONE,DONE,RELEASED,DONE,,NOT STARTED,,,,,216,,,,,,,12/26/2025,,,,,
IMPLEMENTASI,BOJONG RW 03 TEGAL,TGL001379,REGIONAL 3,JATENG,TEGAL,,,,,IMPLEMENTASI,DONE,DONE,RELEASED,DONE,,NOT STARTED,,,,,277,,,,,,,12/12/2025,,,,,
IMPLEMENTASI,BUNIWAH RW 02 TEGAL,TGL001430,REGIONAL 3,JATENG,TEGAL,,,,,IMPLEMENTASI,DONE,DONE,RELEASED,DONE,,NOT STARTED,,,,,241,,,,,,,12/29/2025,,,,,
IMPLEMENTASI,BUNIWAH RW 03 TEGAL,TGL001429,REGIONAL 3,JATENG,TEGAL,,,,,IMPLEMENTASI,DONE,DONE,RELEASED,DONE,,NOT STARTED,,,,,108,,,,,,,11/20/2025,,,,,
IMPLEMENTASI,RAGEMANUNGGAL RW 04 CIBUBUR,CBR002893,REGIONAL 2,JAKARTA,CIBUBUR,,,,,IMPLEMENTASI,DONE,DONE,RELEASED,DONE,,NOT STARTED,,,,,125,,,,,,,1/2/2026,,,,,
IMPLEMENTASI,PERUMAHAN GRIYA SULTANA II GORONTALO,GTO000211,REGIONAL 5,GORONTALO,GORONTALO,,,,,IMPLEMENTASI,DONE,DONE,RELEASED,DONE,,NOT STARTED,,,,,266,,,,,,,1/8/2026,,,,,
IMPLEMENTASI, LAREN RW 07 BREBES ,BBS000986,REGIONAL 3,JATENG,BREBES,,,,,IMPLEMENTASI,DONE,DONE,RELEASED,DONE,,NOT STARTED,,,,,158,,,,,,,1/15/2026,,,,,
IMPLEMENTASI,TUWEL RW 01 TEGAL,TGL001433,REGIONAL 3,JATENG,TEGAL,,,,,IMPLEMENTASI,DONE,DONE,RELEASED,DONE,,NOT STARTED,,,,,136,,,,,,,1/28/2026,,,,,
IMPLEMENTASI,TUWEL RW 02 TEGAL,TGL001432,REGIONAL 3,JATENG,TEGAL,,,,,IMPLEMENTASI,DONE,DONE,RELEASED,DONE,,NOT STARTED,,,,,258,,,,,,,1/28/2026,,,,,
IMPLEMENTASI,TUWEL RW 03 TEGAL,TGL001431,REGIONAL 3,JATENG,TEGAL,,,,,IMPLEMENTASI,DONE,DONE,RELEASED,DONE,,NOT STARTED,,,,,210,,,,,,,1/28/2026,,,,,
IMPLEMENTASI,TUWEL RW 04 TEGAL,TGL001435,REGIONAL 3,JATENG,TEGAL,,,,,IMPLEMENTASI,DONE,DONE,RELEASED,DONE,,NOT STARTED,,,,,107,,,,,,,1/28/2026,,,,,
IMPLEMENTASI,TUWEL RW 05 TEGAL,TGL001434,REGIONAL 3,JATENG,TEGAL,,,,,IMPLEMENTASI,DONE,DONE,RELEASED,DONE,,NOT STARTED,,,,,110,,,,,,,1/28/2026,,,,,
IMPLEMENTASI,DESA DANASARI BOJONG TEGAL,TGL001483,REGIONAL 3,JATENG,TEGAL,,,,,IMPLEMENTASI,DONE,DONE,RELEASED,DONE,,NOT STARTED,,,,,656,,,,,,,1/19/2026,,,,,
IMPLEMENTASI,BOJONG RW 02 TEGAL,TGL001378,REGIONAL 3,JATENG,TEGAL,,,,,IMPLEMENTASI,DONE,DONE,RELEASED,DONE,,NOT STARTED,,,,,245,,,,,,,2/9/2026,,,,,
IMPLEMENTASI,NEGLA RW 08 BREBES,BBS000935,REGIONAL 3,JATENG,BREBES,,,,,IMPLEMENTASI,DONE,DONE,RELEASED,DONE,,NOT STARTED,,,,,213,,,,,,,2/26/2026,,,,,
IMPLEMENTASI,NEGLA RW 07 BREBES,BBS000783,REGIONAL 3,JATENG,BREBES,,,,,IMPLEMENTASI,DONE,DONE,RELEASED,DONE,,NOT STARTED,,,,,138,,,,,,,2/26/2026,,,,,
IMPLEMENTASI,Desa Walian Satu Tomohon Selatan,MND000298,REGIONAL 5,SULUT,MANADO,,,,,IMPLEMENTASI,DONE,DONE,RELEASED,DONE,,NOT STARTED,,,,,164,,,,,,,2/3/2026,,,,,
IMPLEMENTASI,PERUMAHAN SOLARIA INDAH GORONTALO,GTO000085,REGIONAL 5,GORONTALO,GORONTALO,,,,,IMPLEMENTASI,DONE,DONE,RELEASED,DONE,,NOT STARTED,,,,,176,,,,,,,1/28/2026,,,,,
IMPLEMENTASI,DUSUN BLOK HAMINTE KAMPUNG JAWA LAMA LHOKSEUMAWE,LSM000022,REGIONAL 1,NAD,LHOKSEUMAWE,,,,,IMPLEMENTASI,DONE,DONE,RELEASED,DONE,,NOT STARTED,,,,,144,,,,,,,3/9/2026,,,,,
IMPLEMENTASI,KELURAHAN MANGADU MAKASSAR,MKS001788,REGIONAL 5,SULSEL,MAKASSAR,,,,,IMPLEMENTASI,DONE,DONE,RELEASED,DONE,,NOT STARTED,,,,,749,,,,,,,3/10/2026,,,,,
IMPLEMENTASI,PENGGILINGAN RT 10 RW 17 JAKARTA,JKT006709,REGIONAL 2,JAKARTA,JAKARTA TIMUR,,,,,IMPLEMENTASI,DONE,DONE,RELEASED,DONE,,NOT STARTED,,,,,152,,,,,,,3/18/2026,,,,,
IMPLEMENTASI,NEGLA RW 09 BREBES,BBS000936,REGIONAL 3,JATENG,BREBES,,,,,IMPLEMENTASI,DONE,DONE,RELEASED,DONE,,NOT STARTED,,,,,241,,,,,,,3/2/2026,,,,,
IMPLEMENTASI,MADUREJO RT 09 KOTAWARINGIN BARAT,PBU000012,REGIONAL 4,KALTENG,KOTAWARINGIN BARAT,,,,,IMPLEMENTASI,DONE,DONE,RELEASED,DONE,,NOT STARTED,,,,,289,,,,,,,3/31/2026,,,,,
IMPLEMENTASI,MADUREJO RT 05 SAMPAI 07 KOTAWARINGIN BARAT,PBU000021,REGIONAL 4,KALTENG,KOTAWARINGIN BARAT,,,,,IMPLEMENTASI,DONE,DONE,RELEASED,DONE,,NOT STARTED,,,,,476,,,,,,,3/28/2026,,,,,
IMPLEMENTASI,MADUREJO RT 08 KOTAWARINGIN BARAT,PBU000020,REGIONAL 4,KALTENG,KOTAWARINGIN BARAT,,,,,IMPLEMENTASI,DONE,DONE,RELEASED,DONE,,NOT STARTED,,,,,413,,,,,,,3/30/2026,,,,,
IMPLEMENTASI,"UJUNG LARE RW 01, 02 DAN 03 PARE PARE",PRE000034,REGIONAL 5,SULSEL,PAREPARE,,,,,IMPLEMENTASI,DONE,DONE,RELEASED,DONE,,NOT STARTED,,,,,345,,,,,,,4/6/2026,,,,,
IMPLEMENTASI,"UJUNG BARU RW 01, 02 DAN 03 PARE PARE",PRE000029,REGIONAL 5,SULSEL,PAREPARE,,,,,IMPLEMENTASI,DONE,DONE,RELEASED,DONE,,NOT STARTED,,,,,240,,,,,,,4/6/2026,,,,,
IMPLEMENTASI,LINGKUNGAN COPPOMERU WATAMPONE BONE,WTP000008,REGIONAL 5,SULSEL,BONE,,,,,IMPLEMENTASI,DONE,DONE,RELEASED,DONE,,NOT STARTED,,,,,850,,,,,,,4/6/2026,,,,,
IMPLEMENTASI,UJUNG LARE RW 04 DAN 05 PARE PARE,PRE000035,REGIONAL 5,SULSEL,PAREPARE,,,,,IMPLEMENTASI,DONE,DONE,RELEASED,DONE,,NOT STARTED,,,,,339,,,,,,,4/8/2026,,,,,
IMPLEMENTASI,KELURAHAN ROGODONO KEBUMEN,KBM000719,REGIONAL 3,JATENG,KEBUMEN,,,,,IMPLEMENTASI,DONE,DONE,RELEASED,DONE,,NOT STARTED,,,,,362,,,,,,,4/8/2026,,,,,
IMPLEMENTASI,ARJOMULYO RW 03 KEBUMEN,KBM000720,REGIONAL 3,JATENG,KEBUMEN,,,,,IMPLEMENTASI,DONE,DONE,RELEASED,DONE,,NOT STARTED,,,,,77,,,,,,,4/8/2026,,,,,
IMPLEMENTASI,ARJOMULYO RW 02 KEBUMEN,KBM000721,REGIONAL 3,JATENG,KEBUMEN,,,,,IMPLEMENTASI,DONE,DONE,RELEASED,DONE,,NOT STARTED,,,,,118,,,,,,,4/8/2026,,,,,
IMPLEMENTASI,ARJOMULYO RW 01 KEBUMEN,KBM000722,REGIONAL 3,JATENG,KEBUMEN,,,,,IMPLEMENTASI,DONE,DONE,RELEASED,DONE,,NOT STARTED,,,,,160,,,,,,,4/8/2026,,,,,
IMPLEMENTASI,GROGOL RW 03 KARANGTENGAH,DMK001517 ,REGIONAL 3,JATENG,DEMAK,,,,,IMPLEMENTASI,DONE,DONE,RELEASED,DONE,,NOT STARTED,,,,,208,,,,,,,4/8/2026,,,,,
IMPLEMENTASI,OPEN AREA JALAN ABDURRAHMAN MOITO DUTULANAA GORONTALO,GTO000225,REGIONAL 5,GORONTALO,GORONTALO,,,,,IMPLEMENTASI,DONE,DONE,RELEASED,DONE,,NOT STARTED,,,,,394,,,,,,,3/11/2026,,,,,
IMPLEMENTASI,LINGKUNGAN SATU DAN DUA BONGOHULAWA GORONTALO,GTO000221,REGIONAL 5,GORONTALO,GORONTALO,,,,,IMPLEMENTASI,DONE,DONE,RELEASED,DONE,,NOT STARTED,,,,,197,,,,,,,3/10/2026,,,,,
IMPLEMENTASI, DUSUN BUKIT PAYA BUJOK SEULEUMAK LANGSA ,LGS000030,REGIONAL 1,NAD,LANGSA,,,,,IMPLEMENTASI,DONE,DONE,RELEASED,DONE,,NOT STARTED,,,,,1205,,,,,,,4/13/2026,,,,,
IMPLEMENTASI,"UJUNG BARU RW 07, 08 DAN 09 PARE PARE",PRE000031,REGIONAL 5,SULSEL,PAREPARE,,,,,IMPLEMENTASI,DONE,DONE,RELEASED,DONE,,NOT STARTED,,,,,313,,,,,,,4/7/2026,,,,,
IMPLEMENTASI,KELURAHAN COT MENTIWAN ACEH,BNA000373,REGIONAL 1,NAD,ACEH,,,,,IMPLEMENTASI,DONE,DONE,RELEASED,DONE,,NOT STARTED,,,,,101,,,,,,,4/17/2026,,,,,
IMPLEMENTASI,DESA BEREMBANG JAMBI,JMB001086,REGIONAL 1,JAMBI,JAMBI,,,,,IMPLEMENTASI,DONE,DONE,RELEASED,DONE,,NOT STARTED,,,,,363,,,,,,,4/15/2026,,,,,
IMPLEMENTASI,PERUMAHAN MITRA LESTARI BEREMBANG JAMBI,JMB001245,REGIONAL 1,JAMBI,JAMBI,,,,,IMPLEMENTASI,DONE,DONE,RELEASED,DONE,,NOT STARTED,,,,,222,,,,,,,4/15/2026,,,,,
IMPLEMENTASI,KELURAHAN SENGETI TAHAP 2 JAMBI,JMB001097,REGIONAL 1,JAMBI,JAMBI,,,,,IMPLEMENTASI,DONE,DONE,RELEASED,DONE,,NOT STARTED,,,,,845,,,,,,,4/15/2026,,,,,
IMPLEMENTASI,DUSUN KEBONDUREN KATES TULUNGAGUNG,TLG000438,REGIONAL 3,JATIM,TULUNGAGUNG,,,,,IMPLEMENTASI,DONE,DONE,RELEASED,DONE,,NOT STARTED,,,,,294,,,,,,,4/13/2026,,,,,
IMPLEMENTASI,DUSUN SENDUNG KATES TULUNGAGUNG,TLG000439,REGIONAL 3,JATIM,TULUNGAGUNG,,,,,IMPLEMENTASI,DONE,DONE,RELEASED,DONE,,NOT STARTED,,,,,263,,,,,,,4/13/2026,,,,,
IMPLEMENTASI,DUSUN JATISARI KATES TULUNGAGUNG,TLG000437,REGIONAL 3,JATIM,TULUNGAGUNG,,,,,IMPLEMENTASI,DONE,DONE,RELEASED,DONE,,NOT STARTED,,,,,389,,,,,,,4/14/2026,,,,,
IMPLEMENTASI,"UJUNG BARU RW 04, 05 DAN 06 PARE PARE",PRE000030,REGIONAL 5,SULSEL,PAREPARE,,,,,IMPLEMENTASI,DONE,DONE,RELEASED,DONE,,NOT STARTED,,,,,237,,,,,,,4/12/2026,,,,,
IMPLEMENTASI,GROGOL RW 01 DEMAK,DMK001557,REGIONAL 3,JATENG,DEMAK,,,,,IMPLEMENTASI,DONE,DONE,RELEASED,DONE,,NOT STARTED,,,,,219,,,,,,,4/17/2026,,,,,
IMPLEMENTASI,GROGOL RW 02 DEMAK,DMK001558,REGIONAL 3,JATENG,DEMAK,,,,,IMPLEMENTASI,DONE,DONE,RELEASED,DONE,,NOT STARTED,,,,,221,,,,,,,4/17/2026,,,,,
IMPLEMENTASI,DUSUN MUTADHAHUDDIN KAMPUNG JAWA LAMA LHOKSEUMAWE ,LSM000024,REGIONAL 1,NAD, LHOKSEUMAWE ,,,,,IMPLEMENTASI,DONE,DONE,RELEASED,DONE,,NOT STARTED,,,,,325,,,,,,,4/21/2026,,,,,
IMPLEMENTASI,LINGKUNGAN IX NATAR LAMPUNG,,REGIONAL 1,SUMSEL,LAMPUNG,,,,,IMPLEMENTASI,DONE,DONE,RELEASED,DONE,,NOT STARTED,,,,,138,,,,,,,4/25/2026,,,,,
IMPLEMENTASI,DUSUN BANJARSARI II GEDONG TATAAN LAMPUNG,,REGIONAL 1,SUMSEL,LAMPUNG,,,,,IMPLEMENTASI,DONE,DONE,RELEASED,DONE,,NOT STARTED,,,,,130,,,,,,,4/21/2026,,,,,
IMPLEMENTASI,KELURAHAN KAMPUNG BARU,,REGIONAL 1,NAD,ACEH,,,,,IMPLEMENTASI,DONE,DONE,RELEASED,DONE,,NOT STARTED,,,,,1203,,,,,,,5/6/2026,,,,,
IMPLEMENTASI,MUARA CIUJUNG TMUR RW 12 DAN 21 RANGKASBITUNG,,REGIONAL 2,BANTEN,RANGKASBITUNG,,,,,IMPLEMENTASI,DONE,DONE,RELEASED,DONE,,NOT STARTED,,,,,198,,,,,,,5/6/2026,,,,,
DRM,TAMBAKBOYO RW 08 PEDAN,KLN000817,REGIONAL 3,JATENG,KLATEN,,,,,DRM,DONE,DONE,RELEASED,DONE,,NOT STARTED,,,,,379,,,,,,,6/19/2025,,,,,
DRM,OPEN AREA KARANGANOM KLATEN,KLN000733,REGIONAL 3,JATENG,KLATEN,,,,,DRM,DONE,DONE,RELEASED,DONE,,NOT STARTED,,,,,166,,,,,,,6/19/2025,,,,,
DRM,Desa Kayawu Tomohon Utara,MND000363,REGIONAL 5,SULUT,MANADO,,,,,DRM,DONE,DONE,RELEASED,DONE,,NOT STARTED,,,,,436,,,,,,,1/28/2026,,,,,
DRM,PERUMAHAN AZZUHARA RESIDENCE 4 JAMBI,JMB001182,REGIONAL 1,JAMBI,JAMBI,,,,,DRM,DONE,DONE,RELEASED,DONE,,NOT STARTED,,,,,101,,,,,,,2/12/2026,,,,,
DRM,PERUMAHAN ANAGATA RESIDENCE JAMBI,JMB001177,REGIONAL 1,JAMBI,JAMBI,,,,,DRM,DONE,DONE,RELEASED,DONE,,NOT STARTED,,,,,88,,,,,,,2/14/2026,,,,,
DRM,Open Area Jl Joyoboyo Sekoto Kediri,KDR000253,REGIONAL 3,JATIM,KEDIRI,,,,,DRM,DONE,DONE,RELEASED,DONE,,NOT STARTED,,,,,150,,,,,,,3/12/2026,,,,,
DRM,Desa Lansot Tomohon Selatan,MND000291,REGIONAL 5,SULUT,MANADO,,,,,DRM,DONE,DONE,RELEASED,DONE,,NOT STARTED,,,,,364,,,,,,,2/5/2026,,,,,
DRM,OPEN AREA OELTUA KUPANG,KPG000233,REGIONAL 3,NTT,KUPANG,,,,,DRM,DONE,DONE,RELEASED,DONE,,NOT STARTED,,,,,107,,,,,,,4/6/2026,,,,,
DRM,BAUMATA UTARA RW 01 KUPANG,KPG000232,REGIONAL 3,NTT,KUPANG,,,,,DRM,DONE,DONE,RELEASED,DONE,,NOT STARTED,,,,,117,,,,,,,4/6/2026,,,,,
DRM,KABEKELAN RW 01 KEBUMEN,KBM000477,REGIONAL 3,JATENG,KEBUMEN,,,,,DRM,DONE,DONE,RELEASED,DONE,,NOT STARTED,,,,,162,,,,,,,4/8/2026,,,,,
DRM,PAL LIMA RW 01 PONTIANAK,PTK000366,REGIONAL 4,KALBAR,PONTIANAK,,,,,DRM,DONE,DONE,RELEASED,DONE,,NOT STARTED,,,,,658,,,,,,,4/20/2026,,,,,
DRM,BIDARA CINA RW 10 (CIPINANG D),JKT003189,REGIONAL 2,JAKARTA,JAKARTA TIMUR,,,,,DRM,DONE,DONE,RELEASED,DONE,,NOT STARTED,,,,,340,,,,,,,4/19/2026,,,,,
DRM,PERUMAHAN GRIYA UTAMA BANGKALAN,BKL000018,REGIONAL 3,JATIM,BANGKALAN,,,,,DRM,DONE,DONE,RELEASED,DONE,,NOT STARTED,,,,,565,,,,,,,4/20/2026,,,,,
DRM,PERUMAHAN GRIYA HUTUO PERMAI GORONTALO,GTO000112,REGIONAL 5,GORONTALO,GORONTALO,,,,,DRM,DONE,DONE,RELEASED,DONE,,NOT STARTED,,,,,149,,,,,,,4/17/2026,,,,,
DRM,PERUMAHAN GRIYA NINDY PERMAI GORONTALO,GTO000184,REGIONAL 5,GORONTALO,GORONTALO,,,,,DRM,DONE,DONE,RELEASED,DONE,,NOT STARTED,,,,,191,,,,,,,4/17/2026,,,,,
DRM,PERUMAHAN GRAHA ALAM SUTRA GORONTALO,GTO000183,REGIONAL 5,GORONTALO,GORONTALO,,,,,DRM,DONE,DONE,RELEASED,DONE,,NOT STARTED,,,,,86,,,,,,,4/17/2026,,,,,
DRM,PERUMAHAN CITRA AGRINDO GORONTALO,GTO000182,REGIONAL 5,GORONTALO,GORONTALO,,,,,DRM,DONE,DONE,RELEASED,DONE,,NOT STARTED,,,,,300,,,,,,,4/18/2026,,,,,
DRM,PURWOSARI RW 02 PURWOREJO,PWR000172,REGIONAL 3,JATENG,PURWOREJO,,,,,DRM,DONE,DONE,RELEASED,DONE,,NOT STARTED,,,,,285,,,,,,,4/28/2026,,,,,
DRM,TEPUSEN RW 02 TEMANGGUNG,TMG000277,REGIONAL 3,JATENG,TEMANGGUNG,,,,,DRM,DONE,DONE,RELEASED,DONE,,NOT STARTED,,,,,,,,,,,,,,,,,
DRM,SAMIRANAN RW 01 SAMPAI RW 04 TEMANGGUNG,TMG000413,REGIONAL 3,JATENG,TEMANGGUNG,,,,,DRM,DONE,DONE,RELEASED,DONE,,NOT STARTED,,,,,,,,,,,,,,,,,
DRM,OPEN AREA JL. SLAMET RIYADI BATARAN PATRANG,JMR000280,REGIONAL 3,JATIM,JEMBER,,,,,DRM,DONE,DONE,RELEASED,DONE,,NOT STARTED,,,,,257,,,,,,,4/28/2026,,,,,
DRM,GEBANG RW 01 KALIWATES JEMBER,,REGIONAL 3,JATIM,JEMBER,,,,,DRM,DONE,DONE,RELEASED,DONE,,NOT STARTED,,,,,192,,,,,,,4/30/2026,,,,,
DRM,DUSUN KANDANGAN II BOJONEGORO,,REGIONAL 3,JATIM,BOJONEGORO,,,,,DRM,DONE,DONE,RELEASED,DONE,,NOT STARTED,,,,,447,,,,,,,5/2/2026,,,,,
DRM,BANJARSARI RW 01,,REGIONAL 3,JATIM,BANYUWANGI,,,,,DRM,DONE,DONE,RELEASED,DONE,,NOT STARTED,,,,,160,,,,,,,5/1/2026,,,,,
DRM,TERUNGKULON RW 01 SIDOARJO,,REGIONAL 3,JATIM,SURABAYA,,,,,DRM,DONE,DONE,RELEASED,DONE,,NOT STARTED,,,,,582,,,,,,,4/30/2026,,,,,
DRM,LANGKAP RW 04 BANGKALAN,,REGIONAL 3,JATIM,BANGKALAN,,,,,DRM,DONE,DONE,RELEASED,DONE,,NOT STARTED,,,,,237,,,,,,,4/27/2026,,,,,
DRM,LINGKUNGAN 5 MANEMBO NEMBO ATAS BITUNG,,REGIONAL 5,SULUT,BITUNG,,,,,DRM,DONE,DONE,RELEASED,DONE,,NOT STARTED,,,,,681,,,,,,,4/20/2026,,,,,
DRM,PAL LIMA RW 02 PONTIANAK,,REGIONAL 4,KALBAR,PONTIANAK,,,,,DRM,DONE,DONE,RELEASED,DONE,,NOT STARTED,,,,,425,,,,,,,4/22/2026,,,,,
DRM,KELURAHAN SAGERAT MATUARI BITUNG,,REGIONAL 5,SULUT,BITUNG,,,,,DRM,DONE,DONE,RELEASED,DONE,,NOT STARTED,,,,,592,,,,,,,5/4/2026,,,,,
DRM,KELURAHAN SENGETI TAHAP 1 JAMBI,,REGIONAL 1,JAMBI,JAMBI,,,,,DRM,DONE,DONE,RELEASED,DONE,,NOT STARTED,,,,,1182,,,,,,,5/4/2026,,,,,
DRM,DUSUN KANDANGAN I BOJONEGORO,,REGIONAL 3,JATIM,BOJONEGORO,,,,,DRM,DONE,DONE,RELEASED,DONE,,NOT STARTED,,,,,323,,,,,,,5/6/2026,,,,,
DRM,RANCAPANGGUNG RW 13 BANDUNG,,REGIONAL 2,JABAR,BANDUNG,,,,,DRM,DONE,DONE,RELEASED,DONE,,NOT STARTED,,,,,118,,,,,,,5/5/2026,,,,,
DRM,RANCAPANGGUNG RW 12 BANDUNG,,REGIONAL 2,JABAR,BANDUNG,,,,,DRM,DONE,DONE,RELEASED,DONE,,NOT STARTED,,,,,97,,,,,,,5/5/2026,,,,,
DRM,RANCAPANGGUNG RW 11 BANDUNG,,REGIONAL 2,JABAR,BANDUNG,,,,,DRM,DONE,DONE,RELEASED,DONE,,NOT STARTED,,,,,114,,,,,,,5/5/2026,,,,,
DRM,RANCAPANGGUNG RW 10 BANDUNG,,REGIONAL 2,JABAR,BANDUNG,,,,,DRM,DONE,DONE,RELEASED,DONE,,NOT STARTED,,,,,168,,,,,,,5/5/2026,,,,,
DRM,RANCAPANGGUNG RW 08 BANDUNG,,REGIONAL 2,JABAR,BANDUNG,,,,,DRM,DONE,DONE,RELEASED,DONE,,NOT STARTED,,,,,118,,,,,,,5/5/2026,,,,,
